행정구역,2016년07월_총인구수,2016년07월_세대수,2016년07월_세대당 인구,2016년07월_남자 인구수,2016년07월_여자 인구수,2016년07월_남여 비율,2016년08월_총인구수,2016년08월_세대수,2016년08월_세대당 인구,2016년08월_남자 인구수,2016년08월_여자 인구수,2016년08월_남여 비율,2016년09월_총인구수,2016년09월_세대수,2016년09월_세대당 인구,2016년09월_남자 인구수,2016년09월_여자 인구수,2016년09월_남여 비율,2016년10월_총인구수,2016년10월_세대수,2016년10월_세대당 인구,2016년10월_남자 인구수,2016년10월_여자 인구수,2016년10월_남여 비율,2016년11월_총인구수,2016년11월_세대수,2016년11월_세대당 인구,2016년11월_남자 인구수,2016년11월_여자 인구수,2016년11월_남여 비율,2016년12월_총인구수,2016년12월_세대수,2016년12월_세대당 인구,2016년12월_남자 인구수,2016년12월_여자 인구수,2016년12월_남여 비율,2017년01월_총인구수,2017년01월_세대수,2017년01월_세대당 인구,2017년01월_남자 인구수,2017년01월_여자 인구수,2017년01월_남여 비율,2017년02월_총인구수,2017년02월_세대수,2017년02월_세대당 인구,2017년02월_남자 인구수,2017년02월_여자 인구수,2017년02월_남여 비율,2017년03월_총인구수,2017년03월_세대수,2017년03월_세대당 인구,2017년03월_남자 인구수,2017년03월_여자 인구수,2017년03월_남여 비율,2017년04월_총인구수,2017년04월_세대수,2017년04월_세대당 인구,2017년04월_남자 인구수,2017년04월_여자 인구수,2017년04월_남여 비율,2017년05월_총인구수,2017년05월_세대수,2017년05월_세대당 인구,2017년05월_남자 인구수,2017년05월_여자 인구수,2017년05월_남여 비율,2017년06월_총인구수,2017년06월_세대수,2017년06월_세대당 인구,2017년06월_남자 인구수,2017년06월_여자 인구수,2017년06월_남여 비율,????????,2017??07??_???α???,2017??07??_?????,2017??07??_????? ?α?,2017??07??_???? ?α???,2017??07??_???? ?α???.1,2017??07??_???? ????,2017??08??_???α???,2017??08??_?????,2017??08??_????? ?α?,2017??08??_???? ?α???,2017??08??_???? ?α???.1,2017??08??_???? ????,2017??09??_???α???,2017??09??_?????,2017??09??_????? ?α?,2017??09??_???? ?α???,2017??09??_???? ?α???.1,2017??09??_???? ????,2017??10??_???α???,2017??10??_?????,2017??10??_????? ?α?,2017??10??_???? ?α???,2017??10??_???? ?α???.1,2017??10??_???? ????,2017??11??_???α???,2017??11??_?????,2017??11??_????? ?α?,2017??11??_???? ?α???,2017??11??_???? ?α???.1,2017??11??_???? ????,2017??12??_???α???,2017??12??_?????,2017??12??_????? ?α?,2017??12??_???? ?α???,2017??12??_???? ?α???.1,2017??12??_???? ????,2018??01??_???α???,2018??01??_?????,2018??01??_????? ?α?,2018??01??_???? ?α???,2018??01??_???? ?α???.1,2018??01??_???? ????,2018??02??_???α???,2018??02??_?????,2018??02??_????? ?α?,2018??02??_???? ?α???,2018??02??_???? ?α???.1,2018??02??_???? ????,2018??03??_???α???,2018??03??_?????,2018??03??_????? ?α?,2018??03??_???? ?α???,2018??03??_???? ?α???.1,2018??03??_???? ????,2018??04??_???α???,2018??04??_?????,2018??04??_????? ?α?,2018??04??_???? ?α???,2018??04??_???? ?α???.1,2018??04??_???? ????,2018??05??_???α???,2018??05??_?????,2018??05??_????? ?α?,2018??05??_???? ?α???,2018??05??_???? ?α???.1,2018??05??_???? ????,2018??06??_???α???,2018??06??_?????,2018??06??_????? ?α?,2018??06??_???? ?α???,2018??06??_???? ?α???.1,2018??06??_???? ????,2018??07??_???α???,2018??07??_?????,2018??07??_????? ?α?,2018??07??_???? ?α???,2018??07??_???? ?α???.1,2018??07??_???? ????,2018??08??_???α???,2018??08??_?????,2018??08??_????? ?α?,2018??08??_???? ?α???,2018??08??_???? ?α???.1,2018??08??_???? ????,2018??09??_???α???,2018??09??_?????,2018??09??_????? ?α?,2018??09??_???? ?α???,2018??09??_???? ?α???.1,2018??09??_???? ????,2018??10??_???α???,2018??10??_?????,2018??10??_????? ?α?,2018??10??_???? ?α???,2018??10??_???? ?α???.1,2018??10??_???? ????,2018??11??_???α???,2018??11??_?????,2018??11??_????? ?α?,2018??11??_???? ?α???,2018??11??_???? ?α???.1,2018??11??_???? ????,2018??12??_???α???,2018??12??_?????,2018??12??_????? ?α?,2018??12??_???? ?α???,2018??12??_???? ?α???.1,2018??12??_???? ????,2019??01??_???α???,2019??01??_?????,2019??01??_????? ?α?,2019??01??_???? ?α???,2019??01??_???? ?α???.1,2019??01??_???? ????,2019??02??_???α???,2019??02??_?????,2019??02??_????? ?α?,2019??02??_???? ?α???,2019??02??_???? ?α???.1,2019??02??_???? ????,2019??03??_???α???,2019??03??_?????,2019??03??_????? ?α?,2019??03??_???? ?α???,2019??03??_???? ?α???.1,2019??03??_???? ????,2019??04??_???α???,2019??04??_?????,2019??04??_????? ?α?,2019??04??_???? ?α???,2019??04??_???? ?α???.1,2019??04??_???? ????,2019??05??_???α???,2019??05??_?????,2019??05??_????? ?α?,2019??05??_???? ?α???,2019??05??_???? ?α???.1,2019??05??_???? ????,2019??06??_???α???,2019??06??_?????,2019??06??_????? ?α?,2019??06??_???? ?α???,2019??06??_???? ?α???.1,2019??06??_???? ????,2019??07??_???α???,2019??07??_?????,2019??07??_????? ?α?,2019??07??_???? ?α???,2019??07??_???? ?α???.1,2019??07??_???? ????,2019??08??_???α???,2019??08??_?????,2019??08??_????? ?α?,2019??08??_???? ?α???,2019??08??_???? ?α???.1,2019??08??_???? ????,2019??09??_???α???,2019??09??_?????,2019??09??_????? ?α?,2019??09??_???? ?α???,2019??09??_???? ?α???.1,2019??09??_???? ????,2019??10??_???α???,2019??10??_?????,2019??10??_????? ?α?,2019??10??_???? ?α???,2019??10??_???? ?α???.1,2019??10??_???? ????,2019??11??_???α???,2019??11??_?????,2019??11??_????? ?α?,2019??11??_???? ?α???,2019??11??_???? ?α???.1,2019??11??_???? ????,2019??12??_???α???,2019??12??_?????,2019??12??_????? ?α?,2019??12??_???? ?α???,2019??12??_???? ?α???.1,2019??12??_???? ????,2020??01??_???α???,2020??01??_?????,2020??01??_????? ?α?,2020??01??_???? ?α???,2020??01??_???? ?α???.1,2020??01??_???? ????,2020??02??_???α???,2020??02??_?????,2020??02??_????? ?α?,2020??02??_???? ?α???,2020??02??_???? ?α???.1,2020??02??_???? ????,2020??03??_???α???,2020??03??_?????,2020??03??_????? ?α?,2020??03??_???? ?α???,2020??03??_???? ?α???.1,2020??03??_???? ????,2020??04??_???α???,2020??04??_?????,2020??04??_????? ?α?,2020??04??_???? ?α???,2020??04??_???? ?α???.1,2020??04??_???? ????,2020??05??_???α???,2020??05??_?????,2020??05??_????? ?α?,2020??05??_???? ?α???,2020??05??_???? ?α???.1,2020??05??_???? ????,2020??06??_???α???,2020??06??_?????,2020??06??_????? ?α?,2020??06??_???? ?α???,2020??06??_???? ?α???.1,2020??06??_???? ????,2020??07??_???α???,2020??07??_?????,2020??07??_????? ?α?,2020??07??_???? ?α???,2020??07??_???? ?α???.1,2020??07??_???? ????,2020??08??_???α???,2020??08??_?????,2020??08??_????? ?α?,2020??08??_???? ?α???,2020??08??_???? ?α???.1,2020??08??_???? ????,2020??09??_???α???,2020??09??_?????,2020??09??_????? ?α?,2020??09??_???? ?α???,2020??09??_???? ?α???.1,2020??09??_???? ????,2020??10??_???α???,2020??10??_?????,2020??10??_????? ?α?,2020??10??_???? ?α???,2020??10??_???? ?α???.1,2020??10??_???? ????,2020??11??_???α???,2020??11??_?????,2020??11??_????? ?α?,2020??11??_???? ?α???,2020??11??_???? ?α???.1,2020??11??_???? ????,2020??12??_???α???,2020??12??_?????,2020??12??_????? ?α?,2020??12??_???? ?α???,2020??12??_???? ?α???.1,2020??12??_???? ????,2021??01??_???α???,2021??01??_?????,2021??01??_????? ?α?,2021??01??_???? ?α???,2021??01??_???? ?α???.1,2021??01??_???? ????,2021??02??_???α???,2021??02??_?????,2021??02??_????? ?α?,2021??02??_???? ?α???,2021??02??_???? ?α???.1,2021??02??_???? ????,2021??03??_???α???,2021??03??_?????,2021??03??_????? ?α?,2021??03??_???? ?α???,2021??03??_???? ?α???.1,2021??03??_???? ????,2021??04??_???α???,2021??04??_?????,2021??04??_????? ?α?,2021??04??_???? ?α???,2021??04??_???? ?α???.1,2021??04??_???? ????,2021??05??_???α???,2021??05??_?????,2021??05??_????? ?α?,2021??05??_???? ?α???,2021??05??_???? ?α???.1,2021??05??_???? ????,2021??06??_???α???,2021??06??_?????,2021??06??_????? ?α?,2021??06??_???? ?α???,2021??06??_???? ?α???.1,2021??06??_???? ????,2021??07??_???α???,2021??07??_?????,2021??07??_????? ?α?,2021??07??_???? ?α???,2021??07??_???? ?α???.1,2021??07??_???? ????,2021??08??_???α???,2021??08??_?????,2021??08??_????? ?α?,2021??08??_???? ?α???,2021??08??_???? ?α???.1,2021??08??_???? ????,2021??09??_???α???,2021??09??_?????,2021??09??_????? ?α?,2021??09??_???? ?α???,2021??09??_???? ?α???.1,2021??09??_???? ????,2021??10??_???α???,2021??10??_?????,2021??10??_????? ?α?,2021??10??_???? ?α???,2021??10??_???? ?α???.1,2021??10??_???? ????,2021??11??_???α???,2021??11??_?????,2021??11??_????? ?α?,2021??11??_???? ?α???,2021??11??_???? ?α???.1,2021??11??_???? ????,2021??12??_???α???,2021??12??_?????,2021??12??_????? ?α?,2021??12??_???? ?α???,2021??12??_???? ?α???.1,2021??12??_???? ????,2022??01??_???α???,2022??01??_?????,2022??01??_????? ?α?,2022??01??_???? ?α???,2022??01??_???? ?α???.1,2022??01??_???? ????,2022??02??_???α???,2022??02??_?????,2022??02??_????? ?α?,2022??02??_???? ?α???,2022??02??_???? ?α???.1,2022??02??_???? ????,2022??03??_???α???,2022??03??_?????,2022??03??_????? ?α?,2022??03??_???? ?α???,2022??03??_???? ?α???.1,2022??03??_???? ????,2022??04??_???α???,2022??04??_?????,2022??04??_????? ?α?,2022??04??_???? ?α???,2022??04??_???? ?α???.1,2022??04??_???? ????,2022??05??_???α???,2022??05??_?????,2022??05??_????? ?α?,2022??05??_???? ?α???,2022??05??_???? ?α???.1,2022??05??_???? ????,2022??06??_???α???,2022??06??_?????,2022??06??_????? ?α?,2022??06??_???? ?α???,2022??06??_???? ?α???.1,2022??06??_???? ????,2022년07월_총인구수,2022년07월_세대수,2022년07월_세대당 인구,2022년07월_남자 인구수,2022년07월_여자 인구수,2022년07월_남여 비율,2022년08월_총인구수,2022년08월_세대수,2022년08월_세대당 인구,2022년08월_남자 인구수,2022년08월_여자 인구수,2022년08월_남여 비율,2022년09월_총인구수,2022년09월_세대수,2022년09월_세대당 인구,2022년09월_남자 인구수,2022년09월_여자 인구수,2022년09월_남여 비율,2022년10월_총인구수,2022년10월_세대수,2022년10월_세대당 인구,2022년10월_남자 인구수,2022년10월_여자 인구수,2022년10월_남여 비율,2022년11월_총인구수,2022년11월_세대수,2022년11월_세대당 인구,2022년11월_남자 인구수,2022년11월_여자 인구수,2022년11월_남여 비율,2022년12월_총인구수,2022년12월_세대수,2022년12월_세대당 인구,2022년12월_남자 인구수,2022년12월_여자 인구수,2022년12월_남여 비율,2023년01월_총인구수,2023년01월_세대수,2023년01월_세대당 인구,2023년01월_남자 인구수,2023년01월_여자 인구수,2023년01월_남여 비율,2023년02월_총인구수,2023년02월_세대수,2023년02월_세대당 인구,2023년02월_남자 인구수,2023년02월_여자 인구수,2023년02월_남여 비율,2023년03월_총인구수,2023년03월_세대수,2023년03월_세대당 인구,2023년03월_남자 인구수,2023년03월_여자 인구수,2023년03월_남여 비율,2023년04월_총인구수,2023년04월_세대수,2023년04월_세대당 인구,2023년04월_남자 인구수,2023년04월_여자 인구수,2023년04월_남여 비율,2023년05월_총인구수,2023년05월_세대수,2023년05월_세대당 인구,2023년05월_남자 인구수,2023년05월_여자 인구수,2023년05월_남여 비율,2023년06월_총인구수,2023년06월_세대수,2023년06월_세대당 인구,2023년06월_남자 인구수,2023년06월_여자 인구수,2023년06월_남여 비율,2023년07월_총인구수,2023년07월_세대수,2023년07월_세대당 인구,2023년07월_남자 인구수,2023년07월_여자 인구수,2023년07월_남여 비율,2023년08월_총인구수,2023년08월_세대수,2023년08월_세대당 인구,2023년08월_남자 인구수,2023년08월_여자 인구수,2023년08월_남여 비율,2023년09월_총인구수,2023년09월_세대수,2023년09월_세대당 인구,2023년09월_남자 인구수,2023년09월_여자 인구수,2023년09월_남여 비율,2023년10월_총인구수,2023년10월_세대수,2023년10월_세대당 인구,2023년10월_남자 인구수,2023년10월_여자 인구수,2023년10월_남여 비율,2023년11월_총인구수,2023년11월_세대수,2023년11월_세대당 인구,2023년11월_남자 인구수,2023년11월_여자 인구수,2023년11월_남여 비율,2023년12월_총인구수,2023년12월_세대수,2023년12월_세대당 인구,2023년12월_남자 인구수,2023년12월_여자 인구수,2023년12월_남여 비율,2024년01월_총인구수,2024년01월_세대수,2024년01월_세대당 인구,2024년01월_남자 인구수,2024년01월_여자 인구수,2024년01월_남여 비율,2024년02월_총인구수,2024년02월_세대수,2024년02월_세대당 인구,2024년02월_남자 인구수,2024년02월_여자 인구수,2024년02월_남여 비율,2024년03월_총인구수,2024년03월_세대수,2024년03월_세대당 인구,2024년03월_남자 인구수,2024년03월_여자 인구수,2024년03월_남여 비율,2024년04월_총인구수,2024년04월_세대수,2024년04월_세대당 인구,2024년04월_남자 인구수,2024년04월_여자 인구수,2024년04월_남여 비율,2024년05월_총인구수,2024년05월_세대수,2024년05월_세대당 인구,2024년05월_남자 인구수,2024년05월_여자 인구수,2024년05월_남여 비율,2024년06월_총인구수,2024년06월_세대수,2024년06월_세대당 인구,2024년06월_남자 인구수,2024년06월_여자 인구수,2024년06월_남여 비율,2024년07월_총인구수,2024년07월_세대수,2024년07월_세대당 인구,2024년07월_남자 인구수,2024년07월_여자 인구수,2024년07월_남여 비율,2024년08월_총인구수,2024년08월_세대수,2024년08월_세대당 인구,2024년08월_남자 인구수,2024년08월_여자 인구수,2024년08월_남여 비율,2024년09월_총인구수,2024년09월_세대수,2024년09월_세대당 인구,2024년09월_남자 인구수,2024년09월_여자 인구수,2024년09월_남여 비율,2024년10월_총인구수,2024년10월_세대수,2024년10월_세대당 인구,2024년10월_남자 인구수,2024년10월_여자 인구수,2024년10월_남여 비율,2024년11월_총인구수,2024년11월_세대수,2024년11월_세대당 인구,2024년11월_남자 인구수,2024년11월_여자 인구수,2024년11월_남여 비율,2024년12월_총인구수,2024년12월_세대수,2024년12월_세대당 인구,2024년12월_남자 인구수,2024년12월_여자 인구수,2024년12월_남여 비율,2025년01월_총인구수,2025년01월_세대수,2025년01월_세대당 인구,2025년01월_남자 인구수,2025년01월_여자 인구수,2025년01월_남여 비율,2025년02월_총인구수,2025년02월_세대수,2025년02월_세대당 인구,2025년02월_남자 인구수,2025년02월_여자 인구수,2025년02월_남여 비율,2025년03월_총인구수,2025년03월_세대수,2025년03월_세대당 인구,2025년03월_남자 인구수,2025년03월_여자 인구수,2025년03월_남여 비율,2025년04월_총인구수,2025년04월_세대수,2025년04월_세대당 인구,2025년04월_남자 인구수,2025년04월_여자 인구수,2025년04월_남여 비율,2025년05월_총인구수,2025년05월_세대수,2025년05월_세대당 인구,2025년05월_남자 인구수,2025년05월_여자 인구수,2025년05월_남여 비율,2025년06월_총인구수,2025년06월_세대수,2025년06월_세대당 인구,2025년06월_남자 인구수,2025년06월_여자 인구수,2025년06월_남여 비율,2025년07월_총인구수,2025년07월_세대수,2025년07월_세대당 인구,2025년07월_남자 인구수,2025년07월_여자 인구수,2025년07월_남여 비율,2025년08월_총인구수,2025년08월_세대수,2025년08월_세대당 인구,2025년08월_남자 인구수,2025년08월_여자 인구수,2025년08월_남여 비율,2025년09월_총인구수,2025년09월_세대수,2025년09월_세대당 인구,2025년09월_남자 인구수,2025년09월_여자 인구수,2025년09월_남여 비율,2025년10월_총인구수,2025년10월_세대수,2025년10월_세대당 인구,2025년10월_남자 인구수,2025년10월_여자 인구수,2025년10월_남여 비율,2025년11월_총인구수,2025년11월_세대수,2025년11월_세대당 인구,2025년11월_남자 인구수,2025년11월_여자 인구수,2025년11월_남여 비율,2025년12월_총인구수,2025년12월_세대수,2025년12월_세대당 인구,2025년12월_남자 인구수,2025년12월_여자 인구수,2025년12월_남여 비율,2026년01월_총인구수,2026년01월_세대수,2026년01월_세대당 인구,2026년01월_남자 인구수,2026년01월_여자 인구수,2026년01월_남여 비율,2026년02월_총인구수,2026년02월_세대수,2026년02월_세대당 인구,2026년02월_남자 인구수,2026년02월_여자 인구수,2026년02월_남여 비율,2026년03월_총인구수,2026년03월_세대수,2026년03월_세대당 인구,2026년03월_남자 인구수,2026년03월_여자 인구수,2026년03월_남여 비율,2026년04월_총인구수,2026년04월_세대수,2026년04월_세대당 인구,2026년04월_남자 인구수,2026년04월_여자 인구수,2026년04월_남여 비율,2026년05월_총인구수,2026년05월_세대수,2026년05월_세대당 인구,2026년05월_남자 인구수,2026년05월_여자 인구수,2026년05월_남여 비율,2026년06월_총인구수,2026년06월_세대수,2026년06월_세대당 인구,2026년06월_남자 인구수,2026년06월_여자 인구수,2026년06월_남여 비율,2026년07월_총인구수,2026년07월_세대수,2026년07월_세대당 인구,2026년07월_남자 인구수,2026년07월_여자 인구수,2026년07월_남여 비율
경기도 평택시 (4122000000),"466,327","192,778",2.42,"237,727","228,600",1.04,"467,255","193,383",2.42,"238,260","228,995",1.04,"467,873","193,890",2.41,"238,599","229,274",1.04,"468,854","194,597",2.41,"239,217","229,637",1.04,"469,889","195,263",2.41,"239,818","230,071",1.04,"470,832","195,970",2.4,"240,345","230,487",1.04,"472,141","196,782",2.4,"241,053","231,088",1.04,"473,738","197,878",2.39,"242,100","231,638",1.05,"474,672","198,851",2.39,"242,692","231,980",1.05,"475,157","199,284",2.38,"242,977","232,180",1.05,"475,830","199,889",2.38,"243,401","232,429",1.05,"476,353","200,333",2.38,"243,730","232,623",1.05,,,,,,,,,,,,,,,,,,,,,,,,,,,,,,,,,,,,,,,,,,,,,,,,,,,,,,,,,,,,,,,,,,,,,,,,,,,,,,,,,,,,,,,,,,,,,,,,,,,,,,,,,,,,,,,,,,,,,,,,,,,,,,,,,,,,,,,,,,,,,,,,,,,,,,,,,,,,,,,,,,,,,,,,,,,,,,,,,,,,,,,,,,,,,,,,,,,,,,,,,,,,,,,,,,,,,,,,,,,,,,,,,,,,,,,,,,,,,,,,,,,,,,,,,,,,,,,,,,,,,,,,,,,,,,,,,,,,,,,,,,,,,,,,,,,,,,,,,,,,,,,,,,,,,,,,,,,,,,,,,,,,,,,,,,,,,,,,,,,,,,,,,,,,,,,,,,,,,,,,,,,,,,,,,,,,,,,,,,,,,,,,,,,,,,,,,,,,,,,,,,,,,,,,,,,,,,,,,,,,,,,,,,,,,,,,,,,,,,,,,,,,,,,,,,,,,,,,,,,,,,,,,,,,,,,,,,,,,,,,,,,,,,,,,,,,,,,,,,,,,,,,,,,,,,,,,,,,,,,,,,,,,,,,,,,,,,,,,,,,,,,,,,,,,,,,,,,,,,,,,,,,,,,,,,,,,,,,,,,,,,,,,,,,,,,,,,,,,,,,,,,,,,,,,,,,,,,,,,,,,,,,,,,,,,,,,,,,,,,,,,,,,,,,,,,,,,,
경기도 평택시 팽성읍(4122025000),"29,135","14,360",2.03,"14,730","14,405",1.02,"29,133","14,402",2.02,"14,744","14,389",1.02,"29,090","14,409",2.02,"14,721","14,369",1.02,"29,052","14,459",2.01,"14,720","14,332",1.03,"29,071","14,494",2.01,"14,746","14,325",1.03,"29,075","14,541",2.0,"14,754","14,321",1.03,"28,942","14,542",1.99,"14,689","14,253",1.03,"28,905","14,604",1.98,"14,702","14,203",1.04,"28,937","14,673",1.97,"14,737","14,200",1.04,"28,994","14,700",1.97,"14,761","14,233",1.04,"29,043","14,738",1.97,"14,774","14,269",1.04,"29,027","14,725",1.97,"14,767","14,260",1.04,,,,,,,,,,,,,,,,,,,,,,,,,,,,,,,,,,,,,,,,,,,,,,,,,,,,,,,,,,,,,,,,,,,,,,,,,,,,,,,,,,,,,,,,,,,,,,,,,,,,,,,,,,,,,,,,,,,,,,,,,,,,,,,,,,,,,,,,,,,,,,,,,,,,,,,,,,,,,,,,,,,,,,,,,,,,,,,,,,,,,,,,,,,,,,,,,,,,,,,,,,,,,,,,,,,,,,,,,,,,,,,,,,,,,,,,,,,,,,,,,,,,,,,,,,,,,,,,,,,,,,,,,,,,,,,,,,,,,,,,,,,,,,,,,,,,,,,,,,,,,,,,,,,,,,,,,,,,,,,,,,,,,,,,,,,,,,,,,,,,,,,,,,,,,,,,,,,,,,,,,,,,,,,,,,,,,,,,,,,,,,,,,,,,,,,,,,,,,,,,,,,,,,,,,,,,,,,,,,,,,,,,,,,,,,,,,,,,,,,,,,,,,,,,,,,,,,,,,,,,,,,,,,,,,,,,,,,,,,,,,,,,,,,,,,,,,,,,,,,,,,,,,,,,,,,,,,,,,,,,,,,,,,,,,,,,,,,,,,,,,,,,,,,,,,,,,,,,,,,,,,,,,,,,,,,,,,,,,,,,,,,,,,,,,,,,,,,,,,,,,,,,,,,,,,,,,,,,,,,,,,,,,,,,,,,,,,,,,,,,,,,,,,,,,,,,,,,
경기도 평택시 안중읍(4122025300),"40,047","14,933",2.68,"20,211","19,836",1.02,"40,036","14,934",2.68,"20,208","19,828",1.02,"40,073","14,978",2.68,"20,227","19,846",1.02,"40,527","15,189",2.67,"20,473","20,054",1.02,"40,974","15,417",2.66,"20,698","20,276",1.02,"41,182","15,557",2.65,"20,795","20,387",1.02,"41,352","15,656",2.64,"20,891","20,461",1.02,"41,525","15,792",2.63,"21,001","20,524",1.02,"41,723","15,916",2.62,"21,130","20,593",1.03,"41,792","16,001",2.61,"21,169","20,623",1.03,"41,948","16,100",2.61,"21,269","20,679",1.03,"42,071","16,164",2.6,"21,348","20,723",1.03,,,,,,,,,,,,,,,,,,,,,,,,,,,,,,,,,,,,,,,,,,,,,,,,,,,,,,,,,,,,,,,,,,,,,,,,,,,,,,,,,,,,,,,,,,,,,,,,,,,,,,,,,,,,,,,,,,,,,,,,,,,,,,,,,,,,,,,,,,,,,,,,,,,,,,,,,,,,,,,,,,,,,,,,,,,,,,,,,,,,,,,,,,,,,,,,,,,,,,,,,,,,,,,,,,,,,,,,,,,,,,,,,,,,,,,,,,,,,,,,,,,,,,,,,,,,,,,,,,,,,,,,,,,,,,,,,,,,,,,,,,,,,,,,,,,,,,,,,,,,,,,,,,,,,,,,,,,,,,,,,,,,,,,,,,,,,,,,,,,,,,,,,,,,,,,,,,,,,,,,,,,,,,,,,,,,,,,,,,,,,,,,,,,,,,,,,,,,,,,,,,,,,,,,,,,,,,,,,,,,,,,,,,,,,,,,,,,,,,,,,,,,,,,,,,,,,,,,,,,,,,,,,,,,,,,,,,,,,,,,,,,,,,,,,,,,,,,,,,,,,,,,,,,,,,,,,,,,,,,,,,,,,,,,,,,,,,,,,,,,,,,,,,,,,,,,,,,,,,,,,,,,,,,,,,,,,,,,,,,,,,,,,,,,,,,,,,,,,,,,,,,,,,,,,,,,,,,,,,,,,,,,,,,,,,,,,,,,,,,,,,,,,,,,,,,,,,,
경기도 평택시 포승읍(4122025600),"26,622","12,907",2.06,"15,292","11,330",1.35,"26,530","12,906",2.06,"15,262","11,268",1.35,"26,581","12,939",2.05,"15,282","11,299",1.35,"26,533","12,937",2.05,"15,278","11,255",1.36,"26,273","12,856",2.04,"15,152","11,121",1.36,"26,149","12,828",2.04,"15,113","11,036",1.37,"26,070","12,848",2.03,"15,081","10,989",1.37,"26,094","12,889",2.02,"15,117","10,977",1.38,"26,145","12,926",2.02,"15,152","10,993",1.38,"26,130","12,925",2.02,"15,140","10,990",1.38,"26,123","12,938",2.02,"15,123","11,000",1.37,"26,100","12,926",2.02,"15,114","10,986",1.38,,,,,,,,,,,,,,,,,,,,,,,,,,,,,,,,,,,,,,,,,,,,,,,,,,,,,,,,,,,,,,,,,,,,,,,,,,,,,,,,,,,,,,,,,,,,,,,,,,,,,,,,,,,,,,,,,,,,,,,,,,,,,,,,,,,,,,,,,,,,,,,,,,,,,,,,,,,,,,,,,,,,,,,,,,,,,,,,,,,,,,,,,,,,,,,,,,,,,,,,,,,,,,,,,,,,,,,,,,,,,,,,,,,,,,,,,,,,,,,,,,,,,,,,,,,,,,,,,,,,,,,,,,,,,,,,,,,,,,,,,,,,,,,,,,,,,,,,,,,,,,,,,,,,,,,,,,,,,,,,,,,,,,,,,,,,,,,,,,,,,,,,,,,,,,,,,,,,,,,,,,,,,,,,,,,,,,,,,,,,,,,,,,,,,,,,,,,,,,,,,,,,,,,,,,,,,,,,,,,,,,,,,,,,,,,,,,,,,,,,,,,,,,,,,,,,,,,,,,,,,,,,,,,,,,,,,,,,,,,,,,,,,,,,,,,,,,,,,,,,,,,,,,,,,,,,,,,,,,,,,,,,,,,,,,,,,,,,,,,,,,,,,,,,,,,,,,,,,,,,,,,,,,,,,,,,,,,,,,,,,,,,,,,,,,,,,,,,,,,,,,,,,,,,,,,,,,,,,,,,,,,,,,,,,,,,,,,,,,,,,,,,,,,,,,,,,,,
경기도 평택시 청북읍(4122025900),"23,266","8,985",2.59,"12,273","10,993",1.12,"23,602","9,115",2.59,"12,418","11,184",1.11,"23,774","9,191",2.59,"12,519","11,255",1.11,"23,927","9,260",2.58,"12,586","11,341",1.11,"24,554","9,479",2.59,"12,897","11,657",1.11,"24,903","9,620",2.59,"13,067","11,836",1.1,"25,107","9,674",2.6,"13,186","11,921",1.11,"25,249","9,717",2.6,"13,259","11,990",1.11,"25,353","9,737",2.6,"13,318","12,035",1.11,"25,453","9,761",2.61,"13,368","12,085",1.11,"25,557","9,790",2.61,"13,419","12,138",1.11,"25,595","9,805",2.61,"13,455","12,140",1.11,,,,,,,,,,,,,,,,,,,,,,,,,,,,,,,,,,,,,,,,,,,,,,,,,,,,,,,,,,,,,,,,,,,,,,,,,,,,,,,,,,,,,,,,,,,,,,,,,,,,,,,,,,,,,,,,,,,,,,,,,,,,,,,,,,,,,,,,,,,,,,,,,,,,,,,,,,,,,,,,,,,,,,,,,,,,,,,,,,,,,,,,,,,,,,,,,,,,,,,,,,,,,,,,,,,,,,,,,,,,,,,,,,,,,,,,,,,,,,,,,,,,,,,,,,,,,,,,,,,,,,,,,,,,,,,,,,,,,,,,,,,,,,,,,,,,,,,,,,,,,,,,,,,,,,,,,,,,,,,,,,,,,,,,,,,,,,,,,,,,,,,,,,,,,,,,,,,,,,,,,,,,,,,,,,,,,,,,,,,,,,,,,,,,,,,,,,,,,,,,,,,,,,,,,,,,,,,,,,,,,,,,,,,,,,,,,,,,,,,,,,,,,,,,,,,,,,,,,,,,,,,,,,,,,,,,,,,,,,,,,,,,,,,,,,,,,,,,,,,,,,,,,,,,,,,,,,,,,,,,,,,,,,,,,,,,,,,,,,,,,,,,,,,,,,,,,,,,,,,,,,,,,,,,,,,,,,,,,,,,,,,,,,,,,,,,,,,,,,,,,,,,,,,,,,,,,,,,,,,,,,,,,,,,,,,,,,,,,,,,,,,,,,,,,,,,,,,
경기도 평택시 진위면(4122031000),"12,536","5,630",2.23,"6,636","5,900",1.12,"12,509","5,621",2.23,"6,627","5,882",1.13,"12,525","5,644",2.22,"6,630","5,895",1.12,"12,507","5,654",2.21,"6,623","5,884",1.13,"12,544","5,687",2.21,"6,646","5,898",1.13,"12,570","5,718",2.2,"6,655","5,915",1.13,"12,571","5,727",2.2,"6,653","5,918",1.12,"12,588","5,731",2.2,"6,664","5,924",1.12,"12,564","5,739",2.19,"6,643","5,921",1.12,"12,521","5,740",2.18,"6,627","5,894",1.12,"12,519","5,759",2.17,"6,633","5,886",1.13,"12,484","5,753",2.17,"6,622","5,862",1.13,,,,,,,,,,,,,,,,,,,,,,,,,,,,,,,,,,,,,,,,,,,,,,,,,,,,,,,,,,,,,,,,,,,,,,,,,,,,,,,,,,,,,,,,,,,,,,,,,,,,,,,,,,,,,,,,,,,,,,,,,,,,,,,,,,,,,,,,,,,,,,,,,,,,,,,,,,,,,,,,,,,,,,,,,,,,,,,,,,,,,,,,,,,,,,,,,,,,,,,,,,,,,,,,,,,,,,,,,,,,,,,,,,,,,,,,,,,,,,,,,,,,,,,,,,,,,,,,,,,,,,,,,,,,,,,,,,,,,,,,,,,,,,,,,,,,,,,,,,,,,,,,,,,,,,,,,,,,,,,,,,,,,,,,,,,,,,,,,,,,,,,,,,,,,,,,,,,,,,,,,,,,,,,,,,,,,,,,,,,,,,,,,,,,,,,,,,,,,,,,,,,,,,,,,,,,,,,,,,,,,,,,,,,,,,,,,,,,,,,,,,,,,,,,,,,,,,,,,,,,,,,,,,,,,,,,,,,,,,,,,,,,,,,,,,,,,,,,,,,,,,,,,,,,,,,,,,,,,,,,,,,,,,,,,,,,,,,,,,,,,,,,,,,,,,,,,,,,,,,,,,,,,,,,,,,,,,,,,,,,,,,,,,,,,,,,,,,,,,,,,,,,,,,,,,,,,,,,,,,,,,,,,,,,,,,,,,,,,,,,,,,,,,,,,,,,,,,
경기도 평택시 서탄면(4122032000),"4,146","1,956",2.12,"2,223","1,923",1.16,"4,154","1,969",2.11,"2,229","1,925",1.16,"4,150","1,972",2.1,"2,230","1,920",1.16,"4,148","1,974",2.1,"2,236","1,912",1.17,"4,154","1,978",2.1,"2,238","1,916",1.17,"4,141","1,977",2.09,"2,225","1,916",1.16,"4,120","1,968",2.09,"2,215","1,905",1.16,"4,103","1,968",2.08,"2,210","1,893",1.17,"4,098","1,971",2.08,"2,220","1,878",1.18,"4,099","1,970",2.08,"2,224","1,875",1.19,"4,105","1,970",2.08,"2,228","1,877",1.19,"4,106","1,973",2.08,"2,224","1,882",1.18,,,,,,,,,,,,,,,,,,,,,,,,,,,,,,,,,,,,,,,,,,,,,,,,,,,,,,,,,,,,,,,,,,,,,,,,,,,,,,,,,,,,,,,,,,,,,,,,,,,,,,,,,,,,,,,,,,,,,,,,,,,,,,,,,,,,,,,,,,,,,,,,,,,,,,,,,,,,,,,,,,,,,,,,,,,,,,,,,,,,,,,,,,,,,,,,,,,,,,,,,,,,,,,,,,,,,,,,,,,,,,,,,,,,,,,,,,,,,,,,,,,,,,,,,,,,,,,,,,,,,,,,,,,,,,,,,,,,,,,,,,,,,,,,,,,,,,,,,,,,,,,,,,,,,,,,,,,,,,,,,,,,,,,,,,,,,,,,,,,,,,,,,,,,,,,,,,,,,,,,,,,,,,,,,,,,,,,,,,,,,,,,,,,,,,,,,,,,,,,,,,,,,,,,,,,,,,,,,,,,,,,,,,,,,,,,,,,,,,,,,,,,,,,,,,,,,,,,,,,,,,,,,,,,,,,,,,,,,,,,,,,,,,,,,,,,,,,,,,,,,,,,,,,,,,,,,,,,,,,,,,,,,,,,,,,,,,,,,,,,,,,,,,,,,,,,,,,,,,,,,,,,,,,,,,,,,,,,,,,,,,,,,,,,,,,,,,,,,,,,,,,,,,,,,,,,,,,,,,,,,,,,,,,,,,,,,,,,,,,,,,,,,,,,,,,,,,,
경기도 평택시 고덕면(4122033000),"11,870","4,631",2.56,"6,176","5,694",1.08,"11,811","4,606",2.56,"6,144","5,667",1.08,"11,816","4,609",2.56,"6,146","5,670",1.08,"11,756","4,606",2.55,"6,111","5,645",1.08,"11,695","4,588",2.55,"6,094","5,601",1.09,"11,638","4,576",2.54,"6,067","5,571",1.09,"11,557","4,550",2.54,"6,025","5,532",1.09,"11,504","4,545",2.53,"5,996","5,508",1.09,"11,416","4,513",2.53,"5,958","5,458",1.09,"11,400","4,501",2.53,"5,943","5,457",1.09,"11,350","4,485",2.53,"5,920","5,430",1.09,"11,291","4,462",2.53,"5,899","5,392",1.09,,,,,,,,,,,,,,,,,,,,,,,,,,,,,,,,,,,,,,,,,,,,,,,,,,,,,,,,,,,,,,,,,,,,,,,,,,,,,,,,,,,,,,,,,,,,,,,,,,,,,,,,,,,,,,,,,,,,,,,,,,,,,,,,,,,,,,,,,,,,,,,,,,,,,,,,,,,,,,,,,,,,,,,,,,,,,,,,,,,,,,,,,,,,,,,,,,,,,,,,,,,,,,,,,,,,,,,,,,,,,,,,,,,,,,,,,,,,,,,,,,,,,,,,,,,,,,,,,,,,,,,,,,,,,,,,,,,,,,,,,,,,,,,,,,,,,,,,,,,,,,,,,,,,,,,,,,,,,,,,,,,,,,,,,,,,,,,,,,,,,,,,,,,,,,,,,,,,,,,,,,,,,,,,,,,,,,,,,,,,,,,,,,,,,,,,,,,,,,,,,,,,,,,,,,,,,,,,,,,,,,,,,,,,,,,,,,,,,,,,,,,,,,,,,,,,,,,,,,,,,,,,,,,,,,,,,,,,,,,,,,,,,,,,,,,,,,,,,,,,,,,,,,,,,,,,,,,,,,,,,,,,,,,,,,,,,,,,,,,,,,,,,,,,,,,,,,,,,,,,,,,,,,,,,,,,,,,,,,,,,,,,,,,,,,,,,,,,,,,,,,,,,,,,,,,,,,,,,,,,,,,,,,,,,,,,,,,,,,,,,,,,,,,,,,,,,,,
경기도 평택시 오성면(4122034000),"7,202","3,126",2.3,"3,770","3,432",1.1,"7,165","3,118",2.3,"3,759","3,406",1.1,"7,164","3,119",2.3,"3,753","3,411",1.1,"7,178","3,131",2.29,"3,751","3,427",1.09,"7,188","3,136",2.29,"3,754","3,434",1.09,"7,186","3,138",2.29,"3,747","3,439",1.09,"7,199","3,145",2.29,"3,750","3,449",1.09,"7,187","3,139",2.29,"3,742","3,445",1.09,"7,199","3,154",2.28,"3,751","3,448",1.09,"7,198","3,165",2.27,"3,748","3,450",1.09,"7,212","3,180",2.27,"3,754","3,458",1.09,"7,234","3,193",2.27,"3,762","3,472",1.08,,,,,,,,,,,,,,,,,,,,,,,,,,,,,,,,,,,,,,,,,,,,,,,,,,,,,,,,,,,,,,,,,,,,,,,,,,,,,,,,,,,,,,,,,,,,,,,,,,,,,,,,,,,,,,,,,,,,,,,,,,,,,,,,,,,,,,,,,,,,,,,,,,,,,,,,,,,,,,,,,,,,,,,,,,,,,,,,,,,,,,,,,,,,,,,,,,,,,,,,,,,,,,,,,,,,,,,,,,,,,,,,,,,,,,,,,,,,,,,,,,,,,,,,,,,,,,,,,,,,,,,,,,,,,,,,,,,,,,,,,,,,,,,,,,,,,,,,,,,,,,,,,,,,,,,,,,,,,,,,,,,,,,,,,,,,,,,,,,,,,,,,,,,,,,,,,,,,,,,,,,,,,,,,,,,,,,,,,,,,,,,,,,,,,,,,,,,,,,,,,,,,,,,,,,,,,,,,,,,,,,,,,,,,,,,,,,,,,,,,,,,,,,,,,,,,,,,,,,,,,,,,,,,,,,,,,,,,,,,,,,,,,,,,,,,,,,,,,,,,,,,,,,,,,,,,,,,,,,,,,,,,,,,,,,,,,,,,,,,,,,,,,,,,,,,,,,,,,,,,,,,,,,,,,,,,,,,,,,,,,,,,,,,,,,,,,,,,,,,,,,,,,,,,,,,,,,,,,,,,,,,,,,,,,,,,,,,,,,,,,,,,,,,,,,,,,,,
경기도 평택시 현덕면(4122037000),"6,158","2,924",2.11,"3,238","2,920",1.11,"6,144","2,923",2.1,"3,236","2,908",1.11,"6,149","2,923",2.1,"3,245","2,904",1.12,"6,108","2,915",2.1,"3,225","2,883",1.12,"6,092","2,908",2.09,"3,213","2,879",1.12,"6,091","2,915",2.09,"3,210","2,881",1.11,"6,068","2,919",2.08,"3,203","2,865",1.12,"6,039","2,914",2.07,"3,180","2,859",1.11,"6,010","2,901",2.07,"3,168","2,842",1.11,"6,002","2,901",2.07,"3,157","2,845",1.11,"5,977","2,890",2.07,"3,142","2,835",1.11,"5,980","2,894",2.07,"3,149","2,831",1.11,,,,,,,,,,,,,,,,,,,,,,,,,,,,,,,,,,,,,,,,,,,,,,,,,,,,,,,,,,,,,,,,,,,,,,,,,,,,,,,,,,,,,,,,,,,,,,,,,,,,,,,,,,,,,,,,,,,,,,,,,,,,,,,,,,,,,,,,,,,,,,,,,,,,,,,,,,,,,,,,,,,,,,,,,,,,,,,,,,,,,,,,,,,,,,,,,,,,,,,,,,,,,,,,,,,,,,,,,,,,,,,,,,,,,,,,,,,,,,,,,,,,,,,,,,,,,,,,,,,,,,,,,,,,,,,,,,,,,,,,,,,,,,,,,,,,,,,,,,,,,,,,,,,,,,,,,,,,,,,,,,,,,,,,,,,,,,,,,,,,,,,,,,,,,,,,,,,,,,,,,,,,,,,,,,,,,,,,,,,,,,,,,,,,,,,,,,,,,,,,,,,,,,,,,,,,,,,,,,,,,,,,,,,,,,,,,,,,,,,,,,,,,,,,,,,,,,,,,,,,,,,,,,,,,,,,,,,,,,,,,,,,,,,,,,,,,,,,,,,,,,,,,,,,,,,,,,,,,,,,,,,,,,,,,,,,,,,,,,,,,,,,,,,,,,,,,,,,,,,,,,,,,,,,,,,,,,,,,,,,,,,,,,,,,,,,,,,,,,,,,,,,,,,,,,,,,,,,,,,,,,,,,,,,,,,,,,,,,,,,,,,,,,,,,,,,,,,
경기도 평택시 중앙동(4122051000),"46,210","17,358",2.66,"23,044","23,166",0.99,"46,092","17,349",2.66,"22,991","23,101",1.0,"46,084","17,387",2.65,"22,981","23,103",0.99,"46,003","17,383",2.65,"22,958","23,045",1.0,"45,983","17,382",2.65,"22,953","23,030",1.0,"46,054","17,449",2.64,"23,021","23,033",1.0,"45,937","17,472",2.63,"22,970","22,967",1.0,"45,929","17,549",2.62,"22,995","22,934",1.0,"46,029","17,753",2.59,"23,074","22,955",1.01,"46,069","17,829",2.58,"23,114","22,955",1.01,"46,160","17,923",2.58,"23,173","22,987",1.01,"46,183","18,004",2.57,"23,204","22,979",1.01,,,,,,,,,,,,,,,,,,,,,,,,,,,,,,,,,,,,,,,,,,,,,,,,,,,,,,,,,,,,,,,,,,,,,,,,,,,,,,,,,,,,,,,,,,,,,,,,,,,,,,,,,,,,,,,,,,,,,,,,,,,,,,,,,,,,,,,,,,,,,,,,,,,,,,,,,,,,,,,,,,,,,,,,,,,,,,,,,,,,,,,,,,,,,,,,,,,,,,,,,,,,,,,,,,,,,,,,,,,,,,,,,,,,,,,,,,,,,,,,,,,,,,,,,,,,,,,,,,,,,,,,,,,,,,,,,,,,,,,,,,,,,,,,,,,,,,,,,,,,,,,,,,,,,,,,,,,,,,,,,,,,,,,,,,,,,,,,,,,,,,,,,,,,,,,,,,,,,,,,,,,,,,,,,,,,,,,,,,,,,,,,,,,,,,,,,,,,,,,,,,,,,,,,,,,,,,,,,,,,,,,,,,,,,,,,,,,,,,,,,,,,,,,,,,,,,,,,,,,,,,,,,,,,,,,,,,,,,,,,,,,,,,,,,,,,,,,,,,,,,,,,,,,,,,,,,,,,,,,,,,,,,,,,,,,,,,,,,,,,,,,,,,,,,,,,,,,,,,,,,,,,,,,,,,,,,,,,,,,,,,,,,,,,,,,,,,,,,,,,,,,,,,,,,,,,,,,,,,,,,,,,,,,,,,,,,,,,,,,,,,,,,,,,,,,,,,,
경기도 평택시 서정동(4122052000),"30,806","13,308",2.31,"15,409","15,397",1.0,"30,752","13,328",2.31,"15,395","15,357",1.0,"30,666","13,331",2.3,"15,339","15,327",1.0,"30,722","13,389",2.29,"15,374","15,348",1.0,"30,581","13,367",2.29,"15,315","15,266",1.0,"30,502","13,375",2.28,"15,275","15,227",1.0,"30,463","13,399",2.27,"15,252","15,211",1.0,"30,437","13,427",2.27,"15,235","15,202",1.0,"30,352","13,439",2.26,"15,210","15,142",1.0,"30,307","13,429",2.26,"15,207","15,100",1.01,"30,236","13,448",2.25,"15,176","15,060",1.01,"30,192","13,434",2.25,"15,157","15,035",1.01,,,,,,,,,,,,,,,,,,,,,,,,,,,,,,,,,,,,,,,,,,,,,,,,,,,,,,,,,,,,,,,,,,,,,,,,,,,,,,,,,,,,,,,,,,,,,,,,,,,,,,,,,,,,,,,,,,,,,,,,,,,,,,,,,,,,,,,,,,,,,,,,,,,,,,,,,,,,,,,,,,,,,,,,,,,,,,,,,,,,,,,,,,,,,,,,,,,,,,,,,,,,,,,,,,,,,,,,,,,,,,,,,,,,,,,,,,,,,,,,,,,,,,,,,,,,,,,,,,,,,,,,,,,,,,,,,,,,,,,,,,,,,,,,,,,,,,,,,,,,,,,,,,,,,,,,,,,,,,,,,,,,,,,,,,,,,,,,,,,,,,,,,,,,,,,,,,,,,,,,,,,,,,,,,,,,,,,,,,,,,,,,,,,,,,,,,,,,,,,,,,,,,,,,,,,,,,,,,,,,,,,,,,,,,,,,,,,,,,,,,,,,,,,,,,,,,,,,,,,,,,,,,,,,,,,,,,,,,,,,,,,,,,,,,,,,,,,,,,,,,,,,,,,,,,,,,,,,,,,,,,,,,,,,,,,,,,,,,,,,,,,,,,,,,,,,,,,,,,,,,,,,,,,,,,,,,,,,,,,,,,,,,,,,,,,,,,,,,,,,,,,,,,,,,,,,,,,,,,,,,,,,,,,,,,,,,,,,,,,,,,,,,,,,,,,,,,,
경기도 평택시 송탄동(4122053500),"15,869","5,963",2.66,"8,211","7,658",1.07,"15,856","5,966",2.66,"8,200","7,656",1.07,"15,842","5,963",2.66,"8,191","7,651",1.07,"15,770","5,935",2.66,"8,168","7,602",1.07,"15,777","5,948",2.65,"8,190","7,587",1.08,"15,767","5,963",2.64,"8,180","7,587",1.08,"15,707","5,956",2.64,"8,149","7,558",1.08,"15,664","5,948",2.63,"8,148","7,516",1.08,"15,665","5,975",2.62,"8,152","7,513",1.09,"15,669","5,986",2.62,"8,158","7,511",1.09,"15,640","5,997",2.61,"8,153","7,487",1.09,"15,637","5,997",2.61,"8,143","7,494",1.09,,,,,,,,,,,,,,,,,,,,,,,,,,,,,,,,,,,,,,,,,,,,,,,,,,,,,,,,,,,,,,,,,,,,,,,,,,,,,,,,,,,,,,,,,,,,,,,,,,,,,,,,,,,,,,,,,,,,,,,,,,,,,,,,,,,,,,,,,,,,,,,,,,,,,,,,,,,,,,,,,,,,,,,,,,,,,,,,,,,,,,,,,,,,,,,,,,,,,,,,,,,,,,,,,,,,,,,,,,,,,,,,,,,,,,,,,,,,,,,,,,,,,,,,,,,,,,,,,,,,,,,,,,,,,,,,,,,,,,,,,,,,,,,,,,,,,,,,,,,,,,,,,,,,,,,,,,,,,,,,,,,,,,,,,,,,,,,,,,,,,,,,,,,,,,,,,,,,,,,,,,,,,,,,,,,,,,,,,,,,,,,,,,,,,,,,,,,,,,,,,,,,,,,,,,,,,,,,,,,,,,,,,,,,,,,,,,,,,,,,,,,,,,,,,,,,,,,,,,,,,,,,,,,,,,,,,,,,,,,,,,,,,,,,,,,,,,,,,,,,,,,,,,,,,,,,,,,,,,,,,,,,,,,,,,,,,,,,,,,,,,,,,,,,,,,,,,,,,,,,,,,,,,,,,,,,,,,,,,,,,,,,,,,,,,,,,,,,,,,,,,,,,,,,,,,,,,,,,,,,,,,,,,,,,,,,,,,,,,,,,,,,,,,,,,,,,,,
경기도 평택시 지산동(4122055000),"11,143","5,266",2.12,"5,681","5,462",1.04,"11,200","5,308",2.11,"5,722","5,478",1.04,"11,210","5,327",2.1,"5,727","5,483",1.04,"11,245","5,345",2.1,"5,743","5,502",1.04,"11,284","5,368",2.1,"5,782","5,502",1.05,"11,326","5,386",2.1,"5,795","5,531",1.05,"11,304","5,394",2.1,"5,789","5,515",1.05,"11,289","5,398",2.09,"5,791","5,498",1.05,"11,375","5,449",2.09,"5,838","5,537",1.05,"11,396","5,467",2.08,"5,863","5,533",1.06,"11,441","5,492",2.08,"5,878","5,563",1.06,"11,488","5,543",2.07,"5,889","5,599",1.05,,,,,,,,,,,,,,,,,,,,,,,,,,,,,,,,,,,,,,,,,,,,,,,,,,,,,,,,,,,,,,,,,,,,,,,,,,,,,,,,,,,,,,,,,,,,,,,,,,,,,,,,,,,,,,,,,,,,,,,,,,,,,,,,,,,,,,,,,,,,,,,,,,,,,,,,,,,,,,,,,,,,,,,,,,,,,,,,,,,,,,,,,,,,,,,,,,,,,,,,,,,,,,,,,,,,,,,,,,,,,,,,,,,,,,,,,,,,,,,,,,,,,,,,,,,,,,,,,,,,,,,,,,,,,,,,,,,,,,,,,,,,,,,,,,,,,,,,,,,,,,,,,,,,,,,,,,,,,,,,,,,,,,,,,,,,,,,,,,,,,,,,,,,,,,,,,,,,,,,,,,,,,,,,,,,,,,,,,,,,,,,,,,,,,,,,,,,,,,,,,,,,,,,,,,,,,,,,,,,,,,,,,,,,,,,,,,,,,,,,,,,,,,,,,,,,,,,,,,,,,,,,,,,,,,,,,,,,,,,,,,,,,,,,,,,,,,,,,,,,,,,,,,,,,,,,,,,,,,,,,,,,,,,,,,,,,,,,,,,,,,,,,,,,,,,,,,,,,,,,,,,,,,,,,,,,,,,,,,,,,,,,,,,,,,,,,,,,,,,,,,,,,,,,,,,,,,,,,,,,,,,,,,,,,,,,,,,,,,,,,,,,,,,,,,,,,,,
경기도 평택시 송북동(4122056000),"23,050","8,975",2.57,"11,448","11,602",0.99,"23,085","8,981",2.57,"11,454","11,631",0.98,"23,138","9,017",2.57,"11,491","11,647",0.99,"23,125","9,017",2.56,"11,479","11,646",0.99,"23,149","9,035",2.56,"11,472","11,677",0.98,"23,210","9,063",2.56,"11,507","11,703",0.98,"23,202","9,069",2.56,"11,515","11,687",0.99,"23,171","9,060",2.56,"11,496","11,675",0.98,"23,162","9,101",2.54,"11,485","11,677",0.98,"23,156","9,112",2.54,"11,476","11,680",0.98,"23,174","9,125",2.54,"11,495","11,679",0.98,"23,259","9,162",2.54,"11,524","11,735",0.98,,,,,,,,,,,,,,,,,,,,,,,,,,,,,,,,,,,,,,,,,,,,,,,,,,,,,,,,,,,,,,,,,,,,,,,,,,,,,,,,,,,,,,,,,,,,,,,,,,,,,,,,,,,,,,,,,,,,,,,,,,,,,,,,,,,,,,,,,,,,,,,,,,,,,,,,,,,,,,,,,,,,,,,,,,,,,,,,,,,,,,,,,,,,,,,,,,,,,,,,,,,,,,,,,,,,,,,,,,,,,,,,,,,,,,,,,,,,,,,,,,,,,,,,,,,,,,,,,,,,,,,,,,,,,,,,,,,,,,,,,,,,,,,,,,,,,,,,,,,,,,,,,,,,,,,,,,,,,,,,,,,,,,,,,,,,,,,,,,,,,,,,,,,,,,,,,,,,,,,,,,,,,,,,,,,,,,,,,,,,,,,,,,,,,,,,,,,,,,,,,,,,,,,,,,,,,,,,,,,,,,,,,,,,,,,,,,,,,,,,,,,,,,,,,,,,,,,,,,,,,,,,,,,,,,,,,,,,,,,,,,,,,,,,,,,,,,,,,,,,,,,,,,,,,,,,,,,,,,,,,,,,,,,,,,,,,,,,,,,,,,,,,,,,,,,,,,,,,,,,,,,,,,,,,,,,,,,,,,,,,,,,,,,,,,,,,,,,,,,,,,,,,,,,,,,,,,,,,,,,,,,,,,,,,,,,,,,,,,,,,,,,,,,,,,,,,,,
경기도 평택시 신장1동(4122057000),"6,594","3,396",1.94,"3,164","3,430",0.92,"6,601","3,409",1.94,"3,163","3,438",0.92,"6,597","3,414",1.93,"3,162","3,435",0.92,"6,584","3,422",1.92,"3,153","3,431",0.92,"6,578","3,426",1.92,"3,151","3,427",0.92,"6,579","3,437",1.91,"3,152","3,427",0.92,"6,562","3,448",1.9,"3,144","3,418",0.92,"6,608","3,462",1.91,"3,170","3,438",0.92,"6,612","3,465",1.91,"3,167","3,445",0.92,"6,630","3,483",1.9,"3,177","3,453",0.92,"6,613","3,492",1.89,"3,161","3,452",0.92,"6,604","3,489",1.89,"3,159","3,445",0.92,,,,,,,,,,,,,,,,,,,,,,,,,,,,,,,,,,,,,,,,,,,,,,,,,,,,,,,,,,,,,,,,,,,,,,,,,,,,,,,,,,,,,,,,,,,,,,,,,,,,,,,,,,,,,,,,,,,,,,,,,,,,,,,,,,,,,,,,,,,,,,,,,,,,,,,,,,,,,,,,,,,,,,,,,,,,,,,,,,,,,,,,,,,,,,,,,,,,,,,,,,,,,,,,,,,,,,,,,,,,,,,,,,,,,,,,,,,,,,,,,,,,,,,,,,,,,,,,,,,,,,,,,,,,,,,,,,,,,,,,,,,,,,,,,,,,,,,,,,,,,,,,,,,,,,,,,,,,,,,,,,,,,,,,,,,,,,,,,,,,,,,,,,,,,,,,,,,,,,,,,,,,,,,,,,,,,,,,,,,,,,,,,,,,,,,,,,,,,,,,,,,,,,,,,,,,,,,,,,,,,,,,,,,,,,,,,,,,,,,,,,,,,,,,,,,,,,,,,,,,,,,,,,,,,,,,,,,,,,,,,,,,,,,,,,,,,,,,,,,,,,,,,,,,,,,,,,,,,,,,,,,,,,,,,,,,,,,,,,,,,,,,,,,,,,,,,,,,,,,,,,,,,,,,,,,,,,,,,,,,,,,,,,,,,,,,,,,,,,,,,,,,,,,,,,,,,,,,,,,,,,,,,,,,,,,,,,,,,,,,,,,,,,,,,,,,,,,
경기도 평택시 신장2동(4122058000),"6,732","3,583",1.88,"3,304","3,428",0.96,"6,726","3,586",1.88,"3,291","3,435",0.96,"6,715","3,580",1.88,"3,286","3,429",0.96,"6,692","3,574",1.87,"3,285","3,407",0.96,"6,679","3,570",1.87,"3,272","3,407",0.96,"6,617","3,553",1.86,"3,238","3,379",0.96,"6,590","3,556",1.85,"3,222","3,368",0.96,"6,598","3,569",1.85,"3,228","3,370",0.96,"6,534","3,545",1.84,"3,194","3,340",0.96,"6,498","3,532",1.84,"3,193","3,305",0.97,"6,453","3,509",1.84,"3,161","3,292",0.96,"6,447","3,515",1.83,"3,159","3,288",0.96,,,,,,,,,,,,,,,,,,,,,,,,,,,,,,,,,,,,,,,,,,,,,,,,,,,,,,,,,,,,,,,,,,,,,,,,,,,,,,,,,,,,,,,,,,,,,,,,,,,,,,,,,,,,,,,,,,,,,,,,,,,,,,,,,,,,,,,,,,,,,,,,,,,,,,,,,,,,,,,,,,,,,,,,,,,,,,,,,,,,,,,,,,,,,,,,,,,,,,,,,,,,,,,,,,,,,,,,,,,,,,,,,,,,,,,,,,,,,,,,,,,,,,,,,,,,,,,,,,,,,,,,,,,,,,,,,,,,,,,,,,,,,,,,,,,,,,,,,,,,,,,,,,,,,,,,,,,,,,,,,,,,,,,,,,,,,,,,,,,,,,,,,,,,,,,,,,,,,,,,,,,,,,,,,,,,,,,,,,,,,,,,,,,,,,,,,,,,,,,,,,,,,,,,,,,,,,,,,,,,,,,,,,,,,,,,,,,,,,,,,,,,,,,,,,,,,,,,,,,,,,,,,,,,,,,,,,,,,,,,,,,,,,,,,,,,,,,,,,,,,,,,,,,,,,,,,,,,,,,,,,,,,,,,,,,,,,,,,,,,,,,,,,,,,,,,,,,,,,,,,,,,,,,,,,,,,,,,,,,,,,,,,,,,,,,,,,,,,,,,,,,,,,,,,,,,,,,,,,,,,,,,,,,,,,,,,,,,,,,,,,,,,,,,,,,,,,,
경기도 평택시 신평동(4122059000),"24,461","11,071",2.21,"12,171","12,290",0.99,"24,397","11,082",2.2,"12,140","12,257",0.99,"24,391","11,095",2.2,"12,126","12,265",0.99,"24,451","11,156",2.19,"12,162","12,289",0.99,"24,455","11,189",2.19,"12,181","12,274",0.99,"24,537","11,220",2.19,"12,227","12,310",0.99,"24,550","11,241",2.18,"12,212","12,338",0.99,"24,510","11,278",2.17,"12,220","12,290",0.99,"24,558","11,314",2.17,"12,230","12,328",0.99,"24,545","11,325",2.17,"12,241","12,304",0.99,"24,572","11,346",2.17,"12,292","12,280",1.0,"24,621","11,393",2.16,"12,338","12,283",1.0,,,,,,,,,,,,,,,,,,,,,,,,,,,,,,,,,,,,,,,,,,,,,,,,,,,,,,,,,,,,,,,,,,,,,,,,,,,,,,,,,,,,,,,,,,,,,,,,,,,,,,,,,,,,,,,,,,,,,,,,,,,,,,,,,,,,,,,,,,,,,,,,,,,,,,,,,,,,,,,,,,,,,,,,,,,,,,,,,,,,,,,,,,,,,,,,,,,,,,,,,,,,,,,,,,,,,,,,,,,,,,,,,,,,,,,,,,,,,,,,,,,,,,,,,,,,,,,,,,,,,,,,,,,,,,,,,,,,,,,,,,,,,,,,,,,,,,,,,,,,,,,,,,,,,,,,,,,,,,,,,,,,,,,,,,,,,,,,,,,,,,,,,,,,,,,,,,,,,,,,,,,,,,,,,,,,,,,,,,,,,,,,,,,,,,,,,,,,,,,,,,,,,,,,,,,,,,,,,,,,,,,,,,,,,,,,,,,,,,,,,,,,,,,,,,,,,,,,,,,,,,,,,,,,,,,,,,,,,,,,,,,,,,,,,,,,,,,,,,,,,,,,,,,,,,,,,,,,,,,,,,,,,,,,,,,,,,,,,,,,,,,,,,,,,,,,,,,,,,,,,,,,,,,,,,,,,,,,,,,,,,,,,,,,,,,,,,,,,,,,,,,,,,,,,,,,,,,,,,,,,,,,,,,,,,,,,,,,,,,,,,,,,,,,,,,,,,,
경기도 평택시 원평동(4122060000),"12,604","5,619",2.24,"6,430","6,174",1.04,"12,580","5,620",2.24,"6,407","6,173",1.04,"12,612","5,634",2.24,"6,427","6,185",1.04,"12,599","5,647",2.23,"6,430","6,169",1.04,"12,628","5,670",2.23,"6,449","6,179",1.04,"12,600","5,671",2.22,"6,438","6,162",1.04,"12,503","5,636",2.22,"6,391","6,112",1.05,"12,429","5,662",2.2,"6,352","6,077",1.05,"12,423","5,710",2.18,"6,355","6,068",1.05,"12,427","5,725",2.17,"6,357","6,070",1.05,"12,429","5,741",2.16,"6,358","6,071",1.05,"12,446","5,754",2.16,"6,361","6,085",1.05,,,,,,,,,,,,,,,,,,,,,,,,,,,,,,,,,,,,,,,,,,,,,,,,,,,,,,,,,,,,,,,,,,,,,,,,,,,,,,,,,,,,,,,,,,,,,,,,,,,,,,,,,,,,,,,,,,,,,,,,,,,,,,,,,,,,,,,,,,,,,,,,,,,,,,,,,,,,,,,,,,,,,,,,,,,,,,,,,,,,,,,,,,,,,,,,,,,,,,,,,,,,,,,,,,,,,,,,,,,,,,,,,,,,,,,,,,,,,,,,,,,,,,,,,,,,,,,,,,,,,,,,,,,,,,,,,,,,,,,,,,,,,,,,,,,,,,,,,,,,,,,,,,,,,,,,,,,,,,,,,,,,,,,,,,,,,,,,,,,,,,,,,,,,,,,,,,,,,,,,,,,,,,,,,,,,,,,,,,,,,,,,,,,,,,,,,,,,,,,,,,,,,,,,,,,,,,,,,,,,,,,,,,,,,,,,,,,,,,,,,,,,,,,,,,,,,,,,,,,,,,,,,,,,,,,,,,,,,,,,,,,,,,,,,,,,,,,,,,,,,,,,,,,,,,,,,,,,,,,,,,,,,,,,,,,,,,,,,,,,,,,,,,,,,,,,,,,,,,,,,,,,,,,,,,,,,,,,,,,,,,,,,,,,,,,,,,,,,,,,,,,,,,,,,,,,,,,,,,,,,,,,,,,,,,,,,,,,,,,,,,,,,,,,,,,,,,,
경기도 평택시 통복동(4122061000),"4,588","2,279",2.01,"2,316","2,272",1.02,"4,546","2,268",2.0,"2,301","2,245",1.02,"4,519","2,254",2.0,"2,285","2,234",1.02,"4,465","2,239",1.99,"2,248","2,217",1.01,"4,445","2,222",2.0,"2,236","2,209",1.01,"4,452","2,225",2.0,"2,242","2,210",1.01,"4,461","2,236",2.0,"2,256","2,205",1.02,"4,446","2,236",1.99,"2,262","2,184",1.04,"4,434","2,235",1.98,"2,253","2,181",1.03,"4,402","2,224",1.98,"2,236","2,166",1.03,"4,446","2,244",1.98,"2,255","2,191",1.03,"4,429","2,238",1.98,"2,251","2,178",1.03,,,,,,,,,,,,,,,,,,,,,,,,,,,,,,,,,,,,,,,,,,,,,,,,,,,,,,,,,,,,,,,,,,,,,,,,,,,,,,,,,,,,,,,,,,,,,,,,,,,,,,,,,,,,,,,,,,,,,,,,,,,,,,,,,,,,,,,,,,,,,,,,,,,,,,,,,,,,,,,,,,,,,,,,,,,,,,,,,,,,,,,,,,,,,,,,,,,,,,,,,,,,,,,,,,,,,,,,,,,,,,,,,,,,,,,,,,,,,,,,,,,,,,,,,,,,,,,,,,,,,,,,,,,,,,,,,,,,,,,,,,,,,,,,,,,,,,,,,,,,,,,,,,,,,,,,,,,,,,,,,,,,,,,,,,,,,,,,,,,,,,,,,,,,,,,,,,,,,,,,,,,,,,,,,,,,,,,,,,,,,,,,,,,,,,,,,,,,,,,,,,,,,,,,,,,,,,,,,,,,,,,,,,,,,,,,,,,,,,,,,,,,,,,,,,,,,,,,,,,,,,,,,,,,,,,,,,,,,,,,,,,,,,,,,,,,,,,,,,,,,,,,,,,,,,,,,,,,,,,,,,,,,,,,,,,,,,,,,,,,,,,,,,,,,,,,,,,,,,,,,,,,,,,,,,,,,,,,,,,,,,,,,,,,,,,,,,,,,,,,,,,,,,,,,,,,,,,,,,,,,,,,,,,,,,,,,,,,,,,,,,,,,,,,,,,,,,,
경기도 평택시 비전1동(4122062000),"43,137","17,448",2.47,"21,763","21,374",1.02,"44,270","17,812",2.49,"22,355","21,915",1.02,"44,712","17,984",2.49,"22,613","22,099",1.02,"45,109","18,156",2.48,"22,830","22,279",1.02,"45,237","18,206",2.48,"22,895","22,342",1.02,"45,288","18,248",2.48,"22,925","22,363",1.03,"46,416","18,613",2.49,"23,491","22,925",1.02,"47,785","19,070",2.51,"24,213","23,572",1.03,"48,274","19,285",2.5,"24,464","23,810",1.03,"48,541","19,390",2.5,"24,591","23,950",1.03,"48,909","19,537",2.5,"24,772","24,137",1.03,"49,085","19,606",2.5,"24,856","24,229",1.03,,,,,,,,,,,,,,,,,,,,,,,,,,,,,,,,,,,,,,,,,,,,,,,,,,,,,,,,,,,,,,,,,,,,,,,,,,,,,,,,,,,,,,,,,,,,,,,,,,,,,,,,,,,,,,,,,,,,,,,,,,,,,,,,,,,,,,,,,,,,,,,,,,,,,,,,,,,,,,,,,,,,,,,,,,,,,,,,,,,,,,,,,,,,,,,,,,,,,,,,,,,,,,,,,,,,,,,,,,,,,,,,,,,,,,,,,,,,,,,,,,,,,,,,,,,,,,,,,,,,,,,,,,,,,,,,,,,,,,,,,,,,,,,,,,,,,,,,,,,,,,,,,,,,,,,,,,,,,,,,,,,,,,,,,,,,,,,,,,,,,,,,,,,,,,,,,,,,,,,,,,,,,,,,,,,,,,,,,,,,,,,,,,,,,,,,,,,,,,,,,,,,,,,,,,,,,,,,,,,,,,,,,,,,,,,,,,,,,,,,,,,,,,,,,,,,,,,,,,,,,,,,,,,,,,,,,,,,,,,,,,,,,,,,,,,,,,,,,,,,,,,,,,,,,,,,,,,,,,,,,,,,,,,,,,,,,,,,,,,,,,,,,,,,,,,,,,,,,,,,,,,,,,,,,,,,,,,,,,,,,,,,,,,,,,,,,,,,,,,,,,,,,,,,,,,,,,,,,,,,,,,,,,,,,,,,,,,,,,,,,,,,,,,,,,,,,,,
경기도 평택시 비전2동(4122063000),"57,624","20,794",2.77,"28,834","28,790",1.0,"57,597","20,806",2.77,"28,840","28,757",1.0,"57,685","20,861",2.77,"28,888","28,797",1.0,"57,936","20,932",2.77,"29,028","28,908",1.0,"58,129","21,043",2.76,"29,134","28,995",1.0,"58,536","21,203",2.76,"29,356","29,180",1.01,"59,181","21,458",2.76,"29,690","29,491",1.01,"59,577","21,681",2.75,"29,923","29,654",1.01,"59,740","21,808",2.74,"30,017","29,723",1.01,"59,866","21,867",2.74,"30,071","29,795",1.01,"59,894","21,915",2.73,"30,092","29,802",1.01,"60,064","22,011",2.73,"30,177","29,887",1.01,,,,,,,,,,,,,,,,,,,,,,,,,,,,,,,,,,,,,,,,,,,,,,,,,,,,,,,,,,,,,,,,,,,,,,,,,,,,,,,,,,,,,,,,,,,,,,,,,,,,,,,,,,,,,,,,,,,,,,,,,,,,,,,,,,,,,,,,,,,,,,,,,,,,,,,,,,,,,,,,,,,,,,,,,,,,,,,,,,,,,,,,,,,,,,,,,,,,,,,,,,,,,,,,,,,,,,,,,,,,,,,,,,,,,,,,,,,,,,,,,,,,,,,,,,,,,,,,,,,,,,,,,,,,,,,,,,,,,,,,,,,,,,,,,,,,,,,,,,,,,,,,,,,,,,,,,,,,,,,,,,,,,,,,,,,,,,,,,,,,,,,,,,,,,,,,,,,,,,,,,,,,,,,,,,,,,,,,,,,,,,,,,,,,,,,,,,,,,,,,,,,,,,,,,,,,,,,,,,,,,,,,,,,,,,,,,,,,,,,,,,,,,,,,,,,,,,,,,,,,,,,,,,,,,,,,,,,,,,,,,,,,,,,,,,,,,,,,,,,,,,,,,,,,,,,,,,,,,,,,,,,,,,,,,,,,,,,,,,,,,,,,,,,,,,,,,,,,,,,,,,,,,,,,,,,,,,,,,,,,,,,,,,,,,,,,,,,,,,,,,,,,,,,,,,,,,,,,,,,,,,,,,,,,,,,,,,,,,,,,,,,,,,,,,,,,,,,
경기도 평택시 세교동(4122064000),"22,527","8,266",2.73,"11,403","11,124",1.03,"22,469","8,274",2.72,"11,374","11,095",1.03,"22,380","8,259",2.71,"11,330","11,050",1.03,"22,417","8,277",2.71,"11,356","11,061",1.03,"22,419","8,294",2.7,"11,350","11,069",1.03,"22,429","8,307",2.7,"11,356","11,073",1.03,"22,279","8,275",2.69,"11,279","11,000",1.03,"22,101","8,239",2.68,"11,196","10,905",1.03,"22,069","8,242",2.68,"11,176","10,893",1.03,"22,062","8,251",2.67,"11,156","10,906",1.02,"22,029","8,270",2.66,"11,173","10,856",1.03,"22,010","8,292",2.65,"11,172","10,838",1.03,,,,,,,,,,,,,,,,,,,,,,,,,,,,,,,,,,,,,,,,,,,,,,,,,,,,,,,,,,,,,,,,,,,,,,,,,,,,,,,,,,,,,,,,,,,,,,,,,,,,,,,,,,,,,,,,,,,,,,,,,,,,,,,,,,,,,,,,,,,,,,,,,,,,,,,,,,,,,,,,,,,,,,,,,,,,,,,,,,,,,,,,,,,,,,,,,,,,,,,,,,,,,,,,,,,,,,,,,,,,,,,,,,,,,,,,,,,,,,,,,,,,,,,,,,,,,,,,,,,,,,,,,,,,,,,,,,,,,,,,,,,,,,,,,,,,,,,,,,,,,,,,,,,,,,,,,,,,,,,,,,,,,,,,,,,,,,,,,,,,,,,,,,,,,,,,,,,,,,,,,,,,,,,,,,,,,,,,,,,,,,,,,,,,,,,,,,,,,,,,,,,,,,,,,,,,,,,,,,,,,,,,,,,,,,,,,,,,,,,,,,,,,,,,,,,,,,,,,,,,,,,,,,,,,,,,,,,,,,,,,,,,,,,,,,,,,,,,,,,,,,,,,,,,,,,,,,,,,,,,,,,,,,,,,,,,,,,,,,,,,,,,,,,,,,,,,,,,,,,,,,,,,,,,,,,,,,,,,,,,,,,,,,,,,,,,,,,,,,,,,,,,,,,,,,,,,,,,,,,,,,,,,,,,,,,,,,,,,,,,,,,,,,,,,,,,,,,
,,,,,,,,,,,,,,,,,,,,,,,,,,,,,,,,,,,,,,,,,,,,,,,,,,,,,,,,,,,,,,,,,,,,,,,,,??? ????? (4122000000),"477,175","200,894",2.38,"244,207","232,968",1.05,"478,181","201,696",2.37,"244,777","233,404",1.05,"479,063","202,421",2.37,"245,283","233,780",1.05,"479,823","203,015",2.36,"245,673","234,150",1.05,"480,407","203,514",2.36,"246,042","234,365",1.05,"481,530","204,252",2.36,"246,618","234,912",1.05,"482,737","205,060",2.35,"247,285","235,452",1.05,"484,169","206,126",2.35,"248,070","236,099",1.05,"485,644","207,158",2.34,"248,877","236,767",1.05,"486,740","208,004",2.34,"249,525","237,215",1.05,"487,798","208,775",2.34,"250,104","237,694",1.05,"489,081","209,663",2.33,"250,812","238,269",1.05,"490,410","210,516",2.33,"251,445","238,965",1.05,"491,338","211,290",2.33,"251,941","239,397",1.05,"491,982","211,884",2.32,"252,264","239,718",1.05,"493,570","212,924",2.32,"253,115","240,455",1.05,"494,716","213,777",2.31,"253,788","240,928",1.05,"495,642","214,409",2.31,"254,336","241,306",1.05,"496,324","215,126",2.31,"254,764","241,560",1.05,"498,126","216,266",2.3,"255,766","242,360",1.06,"499,620","217,352",2.3,"256,654","242,966",1.06,"500,787","218,118",2.3,"257,342","243,445",1.06,"501,736","218,870",2.29,"257,863","243,873",1.06,"502,292","219,453",2.29,"258,217","244,075",1.06,"504,221","220,579",2.29,"259,229","244,992",1.06,"505,817","221,590",2.28,"260,106","245,711",1.06,"507,621","222,726",2.28,"261,089","246,532",1.06,"509,529","223,881",2.28,"262,086","247,443",1.06,"511,229","224,892",2.27,"263,039","248,190",1.06,"513,027","226,020",2.27,"264,012","249,015",1.06,"514,876","227,141",2.27,"265,037","249,839",1.06,"517,087","228,602",2.26,"266,206","250,881",1.06,"519,124","230,067",2.26,"267,360","251,764",1.06,"520,649","231,092",2.25,"268,331","252,318",1.06,"522,111","232,451",2.25,"269,109","253,002",1.06,"523,881","234,015",2.24,"270,183","253,698",1.06,"525,378","235,352",2.23,"271,051","254,327",1.07,"527,166","236,876",2.23,"271,992","255,174",1.07,"529,140","238,404",2.22,"273,077","256,063",1.07,"531,655","240,008",2.22,"274,461","257,194",1.07,"534,343","241,756",2.21,"275,968","258,375",1.07,"537,307","243,838",2.2,"277,617","259,690",1.07,"540,929","246,050",2.2,"279,690","261,239",1.07,"544,085","248,139",2.19,"281,521","262,564",1.07,"544,368","248,002",2.2,"282,242","262,126",1.08,"546,154","249,263",2.19,"283,450","262,704",1.08,"548,131","250,859",2.19,"284,559","263,572",1.08,"549,901","252,303",2.18,"285,580","264,321",1.08,"551,603","253,665",2.17,"286,588","265,015",1.08,"554,511","255,662",2.17,"288,302","266,209",1.08,"557,450","257,722",2.16,"290,020","267,430",1.08,"559,363","258,965",2.16,"291,122","268,241",1.09,"561,770","260,515",2.16,"292,554","269,216",1.09,"564,288","262,097",2.15,"293,954","270,334",1.09,"565,827","262,999",2.15,"294,957","270,870",1.09,"567,411","263,971",2.15,"295,924","271,487",1.09,"568,405","264,816",2.15,"296,567","271,838",1.09,"569,369","265,784",2.14,"297,227","272,142",1.09,"570,868","266,929",2.14,"298,058","272,810",1.09,"572,548","267,899",2.14,"299,111","273,437",1.09,,,,,,,,,,,,,,,,,,,,,,,,,,,,,,,,,,,,,,,,,,,,,,,,,,,,,,,,,,,,,,,,,,,,,,,,,,,,,,,,,,,,,,,,,,,,,,,,,,,,,,,,,,,,,,,,,,,,,,,,,,,,,,,,,,,,,,,,,,,,,,,,,,,,,,,,,,,,,,,,,,,,,,,,,,,,,,,,,,,,,,,,,,,,,,,,,,,,,,,,,,,,,,,,,,,,,,,,,,,,,,,,,,,,,,,,,,,,,,,,,,,,,,,,,,,,,,,,,,,,,,,,,,,,,,,,,,,,,,,,,,,,,,,,,,,,,,
,,,,,,,,,,,,,,,,,,,,,,,,,,,,,,,,,,,,,,,,,,,,,,,,,,,,,,,,,,,,,,,,,,,,,,,,,??? ????? ?????(4122025000),"29,041","14,763",1.97,"14,791","14,250",1.04,"29,094","14,833",1.96,"14,813","14,281",1.04,"29,144","14,917",1.95,"14,861","14,283",1.04,"29,092","14,929",1.95,"14,834","14,258",1.04,"29,089","14,972",1.94,"14,831","14,258",1.04,"29,034","14,971",1.94,"14,799","14,235",1.04,"28,973","14,990",1.93,"14,772","14,201",1.04,"28,894","14,997",1.93,"14,723","14,171",1.04,"28,866","14,999",1.92,"14,702","14,164",1.04,"28,786","14,980",1.92,"14,664","14,122",1.04,"28,770","15,008",1.92,"14,670","14,100",1.04,"28,639","14,995",1.91,"14,589","14,050",1.04,"28,590","15,004",1.91,"14,548","14,042",1.04,"28,547","15,033",1.9,"14,538","14,009",1.04,"28,455","15,017",1.89,"14,477","13,978",1.04,"28,295","15,008",1.89,"14,418","13,877",1.04,"28,205","15,016",1.88,"14,395","13,810",1.04,"28,201","15,047",1.87,"14,387","13,814",1.04,"28,104","15,054",1.87,"14,339","13,765",1.04,"28,006","15,023",1.86,"14,298","13,708",1.04,"27,973","14,985",1.87,"14,276","13,697",1.04,"27,935","14,955",1.87,"14,257","13,678",1.04,"27,889","14,951",1.87,"14,252","13,637",1.05,"27,839","14,946",1.86,"14,218","13,621",1.04,"27,746","14,911",1.86,"14,154","13,592",1.04,"27,639","14,894",1.86,"14,111","13,528",1.04,"27,578","14,892",1.85,"14,081","13,497",1.04,"27,563","14,920",1.85,"14,086","13,477",1.05,"27,526","14,919",1.85,"14,069","13,457",1.05,"27,481","14,917",1.84,"14,040","13,441",1.04,"27,461","14,930",1.84,"14,036","13,425",1.05,"27,411","14,933",1.84,"14,002","13,409",1.04,"27,439","14,963",1.83,"14,021","13,418",1.04,"27,495","14,997",1.83,"14,046","13,449",1.04,"27,505","15,060",1.83,"14,052","13,453",1.04,"27,593","15,145",1.82,"14,113","13,480",1.05,"27,613","15,196",1.82,"14,122","13,491",1.05,"27,604","15,238",1.81,"14,107","13,497",1.05,"27,568","15,261",1.81,"14,074","13,494",1.04,"27,532","15,298",1.8,"14,049","13,483",1.04,"27,553","15,351",1.79,"14,063","13,490",1.04,"27,696","15,470",1.79,"14,138","13,558",1.04,"27,802","15,569",1.79,"14,198","13,604",1.04,"28,037","15,734",1.78,"14,326","13,711",1.04,"27,418","15,125",1.81,"14,274","13,144",1.09,"27,593","15,251",1.81,"14,369","13,224",1.09,"27,818","15,385",1.81,"14,491","13,327",1.09,"27,973","15,515",1.8,"14,579","13,394",1.09,"28,145","15,639",1.8,"14,669","13,476",1.09,"28,308","15,733",1.8,"14,767","13,541",1.09,"28,427","15,847",1.79,"14,830","13,597",1.09,"28,534","15,934",1.79,"14,894","13,640",1.09,"28,610","16,001",1.79,"14,953","13,657",1.09,"28,744","16,085",1.79,"15,049","13,695",1.1,"28,867","16,176",1.78,"15,116","13,751",1.1,"28,965","16,244",1.78,"15,186","13,779",1.1,"29,081","16,294",1.78,"15,255","13,826",1.1,"29,144","16,342",1.78,"15,286","13,858",1.1,"29,243","16,407",1.78,"15,333","13,910",1.1,"29,272","16,417",1.78,"15,356","13,916",1.1,,,,,,,,,,,,,,,,,,,,,,,,,,,,,,,,,,,,,,,,,,,,,,,,,,,,,,,,,,,,,,,,,,,,,,,,,,,,,,,,,,,,,,,,,,,,,,,,,,,,,,,,,,,,,,,,,,,,,,,,,,,,,,,,,,,,,,,,,,,,,,,,,,,,,,,,,,,,,,,,,,,,,,,,,,,,,,,,,,,,,,,,,,,,,,,,,,,,,,,,,,,,,,,,,,,,,,,,,,,,,,,,,,,,,,,,,,,,,,,,,,,,,,,,,,,,,,,,,,,,,,,,,,,,,,,,,,,,,,,,,,,,,,,,,,,,,,
,,,,,,,,,,,,,,,,,,,,,,,,,,,,,,,,,,,,,,,,,,,,,,,,,,,,,,,,,,,,,,,,,,,,,,,,,??? ????? ??????(4122025300),"42,253","16,251",2.6,"21,455","20,798",1.03,"42,390","16,356",2.59,"21,533","20,857",1.03,"42,532","16,469",2.58,"21,631","20,901",1.03,"42,668","16,556",2.58,"21,685","20,983",1.03,"42,710","16,607",2.57,"21,727","20,983",1.04,"42,712","16,645",2.57,"21,730","20,982",1.04,"42,724","16,667",2.56,"21,730","20,994",1.04,"42,784","16,750",2.55,"21,763","21,021",1.04,"42,830","16,801",2.55,"21,792","21,038",1.04,"42,933","16,883",2.54,"21,848","21,085",1.04,"43,086","16,973",2.54,"21,927","21,159",1.04,"43,482","17,171",2.53,"22,145","21,337",1.04,"43,764","17,336",2.52,"22,293","21,471",1.04,"43,932","17,432",2.52,"22,370","21,562",1.04,"44,036","17,503",2.52,"22,420","21,616",1.04,"44,130","17,590",2.51,"22,458","21,672",1.04,"44,194","17,649",2.5,"22,515","21,679",1.04,"44,253","17,699",2.5,"22,556","21,697",1.04,"44,162","17,722",2.49,"22,505","21,657",1.04,"44,097","17,758",2.48,"22,496","21,601",1.04,"44,039","17,742",2.48,"22,487","21,552",1.04,"44,017","17,773",2.48,"22,470","21,547",1.04,"43,967","17,767",2.47,"22,441","21,526",1.04,"44,013","17,819",2.47,"22,458","21,555",1.04,"43,993","17,833",2.47,"22,446","21,547",1.04,"43,909","17,818",2.46,"22,424","21,485",1.04,"43,890","17,843",2.46,"22,426","21,464",1.04,"43,835","17,843",2.46,"22,394","21,441",1.04,"43,781","17,853",2.45,"22,373","21,408",1.05,"43,746","17,873",2.45,"22,367","21,379",1.05,"43,703","17,886",2.44,"22,351","21,352",1.05,"43,676","17,921",2.44,"22,346","21,330",1.05,"43,709","17,974",2.43,"22,369","21,340",1.05,"43,796","18,043",2.43,"22,410","21,386",1.05,"43,802","18,087",2.42,"22,419","21,383",1.05,"43,870","18,166",2.41,"22,448","21,422",1.05,"43,906","18,246",2.41,"22,501","21,405",1.05,"43,884","18,290",2.4,"22,506","21,378",1.05,"43,824","18,321",2.39,"22,485","21,339",1.05,"43,724","18,319",2.39,"22,454","21,270",1.06,"43,703","18,358",2.38,"22,469","21,234",1.06,"43,668","18,408",2.37,"22,449","21,219",1.06,"43,608","18,432",2.37,"22,444","21,164",1.06,"43,594","18,513",2.35,"22,430","21,164",1.06,"43,530","18,513",2.35,"22,416","21,114",1.06,"43,580","18,575",2.35,"22,468","21,112",1.06,"43,643","18,649",2.34,"22,523","21,120",1.07,"43,728","18,728",2.33,"22,569","21,159",1.07,"43,744","18,786",2.33,"22,574","21,170",1.07,"43,756","18,849",2.32,"22,595","21,161",1.07,"43,678","18,886",2.31,"22,570","21,108",1.07,"43,715","18,944",2.31,"22,583","21,132",1.07,"43,685","18,981",2.3,"22,572","21,113",1.07,"43,711","19,034",2.3,"22,599","21,112",1.07,"43,669","19,063",2.29,"22,576","21,093",1.07,"43,660","19,139",2.28,"22,587","21,073",1.07,"43,652","19,167",2.28,"22,588","21,064",1.07,"43,657","19,214",2.27,"22,604","21,053",1.07,"43,689","19,271",2.27,"22,615","21,074",1.07,"43,656","19,295",2.26,"22,604","21,052",1.07,,,,,,,,,,,,,,,,,,,,,,,,,,,,,,,,,,,,,,,,,,,,,,,,,,,,,,,,,,,,,,,,,,,,,,,,,,,,,,,,,,,,,,,,,,,,,,,,,,,,,,,,,,,,,,,,,,,,,,,,,,,,,,,,,,,,,,,,,,,,,,,,,,,,,,,,,,,,,,,,,,,,,,,,,,,,,,,,,,,,,,,,,,,,,,,,,,,,,,,,,,,,,,,,,,,,,,,,,,,,,,,,,,,,,,,,,,,,,,,,,,,,,,,,,,,,,,,,,,,,,,,,,,,,,,,,,,,,,,,,,,,,,,,,,,,,,,
,,,,,,,,,,,,,,,,,,,,,,,,,,,,,,,,,,,,,,,,,,,,,,,,,,,,,,,,,,,,,,,,,,,,,,,,,??? ????? ??????(4122025600),"26,117","12,968",2.01,"15,117","11,000",1.37,"26,080","12,955",2.01,"15,092","10,988",1.37,"26,067","12,970",2.01,"15,092","10,975",1.38,"26,067","12,993",2.01,"15,100","10,967",1.38,"25,902","12,964",2.0,"15,026","10,876",1.38,"25,856","12,977",1.99,"15,004","10,852",1.38,"25,833","13,000",1.99,"14,994","10,839",1.38,"25,761","12,994",1.98,"14,990","10,771",1.39,"25,733","13,004",1.98,"14,978","10,755",1.39,"25,691","13,000",1.98,"14,979","10,712",1.4,"25,580","12,964",1.97,"14,911","10,669",1.4,"25,344","12,914",1.96,"14,789","10,555",1.4,"25,220","12,893",1.96,"14,715","10,505",1.4,"25,186","12,908",1.95,"14,708","10,478",1.4,"25,083","12,871",1.95,"14,639","10,444",1.4,"24,969","12,846",1.94,"14,592","10,377",1.41,"24,927","12,830",1.94,"14,573","10,354",1.41,"24,891","12,836",1.94,"14,571","10,320",1.41,"24,886","12,863",1.93,"14,593","10,293",1.42,"24,739","12,837",1.93,"14,535","10,204",1.42,"24,650","12,793",1.93,"14,486","10,164",1.43,"24,601","12,782",1.92,"14,460","10,141",1.43,"24,558","12,779",1.92,"14,441","10,117",1.43,"24,539","12,792",1.92,"14,447","10,092",1.43,"24,458","12,731",1.92,"14,401","10,057",1.43,"24,378","12,710",1.92,"14,365","10,013",1.43,"24,217","12,662",1.91,"14,276","9,941",1.44,"24,177","12,673",1.91,"14,267","9,910",1.44,"24,160","12,669",1.91,"14,264","9,896",1.44,"24,104","12,653",1.91,"14,242","9,862",1.44,"24,083","12,683",1.9,"14,258","9,825",1.45,"23,998","12,692",1.89,"14,232","9,766",1.46,"23,947","12,703",1.89,"14,206","9,741",1.46,"23,979","12,749",1.88,"14,263","9,716",1.47,"24,037","12,802",1.88,"14,295","9,742",1.47,"24,088","12,883",1.87,"14,338","9,750",1.47,"24,084","12,920",1.86,"14,357","9,727",1.48,"24,088","12,980",1.86,"14,356","9,732",1.48,"24,088","12,998",1.85,"14,368","9,720",1.48,"24,105","13,056",1.85,"14,414","9,691",1.49,"24,026","13,037",1.84,"14,381","9,645",1.49,"24,010","13,070",1.84,"14,361","9,649",1.49,"24,118","13,160",1.83,"14,440","9,678",1.49,"24,125","13,225",1.82,"14,465","9,660",1.5,"24,071","13,254",1.82,"14,460","9,611",1.5,"24,062","13,296",1.81,"14,471","9,591",1.51,"24,107","13,356",1.8,"14,516","9,591",1.51,"24,140","13,396",1.8,"14,544","9,596",1.52,"24,266","13,512",1.8,"14,625","9,641",1.52,"24,312","13,567",1.79,"14,668","9,644",1.52,"24,385","13,676",1.78,"14,737","9,648",1.53,"24,485","13,771",1.78,"14,793","9,692",1.53,"24,539","13,835",1.77,"14,842","9,697",1.53,"24,568","13,919",1.77,"14,874","9,694",1.53,"24,560","13,972",1.76,"14,895","9,665",1.54,"24,600","14,024",1.75,"14,949","9,651",1.55,"24,568","14,058",1.75,"14,955","9,613",1.56,"24,686","14,135",1.75,"15,017","9,669",1.55,"24,674","14,157",1.74,"15,018","9,656",1.56,"24,676","14,172",1.74,"15,038","9,638",1.56,,,,,,,,,,,,,,,,,,,,,,,,,,,,,,,,,,,,,,,,,,,,,,,,,,,,,,,,,,,,,,,,,,,,,,,,,,,,,,,,,,,,,,,,,,,,,,,,,,,,,,,,,,,,,,,,,,,,,,,,,,,,,,,,,,,,,,,,,,,,,,,,,,,,,,,,,,,,,,,,,,,,,,,,,,,,,,,,,,,,,,,,,,,,,,,,,,,,,,,,,,,,,,,,,,,,,,,,,,,,,,,,,,,,,,,,,,,,,,,,,,,,,,,,,,,,,,,,,,,,,,,,,,,,,,,,,,,,,,,,,,,,,,,,,,,,,,
,,,,,,,,,,,,,,,,,,,,,,,,,,,,,,,,,,,,,,,,,,,,,,,,,,,,,,,,,,,,,,,,,,,,,,,,,??? ????? ?????(4122025900),"25,621","9,814",2.61,"13,465","12,156",1.11,"25,544","9,784",2.61,"13,433","12,111",1.11,"25,456","9,746",2.61,"13,399","12,057",1.11,"25,394","9,717",2.61,"13,361","12,033",1.11,"25,629","9,801",2.61,"13,480","12,149",1.11,"25,832","9,876",2.62,"13,568","12,264",1.11,"25,742","9,851",2.61,"13,533","12,209",1.11,"25,665","9,845",2.61,"13,480","12,185",1.11,"25,547","9,821",2.6,"13,420","12,127",1.11,"25,528","9,813",2.6,"13,413","12,115",1.11,"25,501","9,821",2.6,"13,402","12,099",1.11,"25,522","9,835",2.6,"13,402","12,120",1.11,"25,527","9,841",2.59,"13,403","12,124",1.11,"25,523","9,856",2.59,"13,405","12,118",1.11,"25,522","9,872",2.59,"13,408","12,114",1.11,"25,469","9,871",2.58,"13,375","12,094",1.11,"25,462","9,866",2.58,"13,370","12,092",1.11,"25,488","9,892",2.58,"13,391","12,097",1.11,"25,551","9,933",2.57,"13,438","12,113",1.11,"25,549","9,941",2.57,"13,438","12,111",1.11,"25,487","9,943",2.56,"13,402","12,085",1.11,"25,525","9,982",2.56,"13,446","12,079",1.11,"25,549","9,990",2.56,"13,456","12,093",1.11,"25,594","10,026",2.55,"13,476","12,118",1.11,"25,551","10,014",2.55,"13,457","12,094",1.11,"25,572","10,021",2.55,"13,461","12,111",1.11,"25,607","10,048",2.55,"13,486","12,121",1.11,"25,634","10,060",2.55,"13,489","12,145",1.11,"25,669","10,087",2.54,"13,504","12,165",1.11,"25,631","10,102",2.54,"13,512","12,119",1.11,"25,626","10,117",2.53,"13,528","12,098",1.12,"25,617","10,162",2.52,"13,534","12,083",1.12,"25,736","10,269",2.51,"13,620","12,116",1.12,"25,787","10,310",2.5,"13,649","12,138",1.12,"25,773","10,324",2.5,"13,632","12,141",1.12,"25,919","10,397",2.49,"13,708","12,211",1.12,"26,078","10,459",2.49,"13,784","12,294",1.12,"26,152","10,520",2.49,"13,811","12,341",1.12,"26,292","10,602",2.48,"13,892","12,400",1.12,"26,341","10,654",2.47,"13,909","12,432",1.12,"26,467","10,718",2.47,"13,977","12,490",1.12,"26,705","10,842",2.46,"14,106","12,599",1.12,"26,873","10,941",2.46,"14,200","12,673",1.12,"27,020","11,034",2.45,"14,284","12,736",1.12,"27,057","11,041",2.45,"14,308","12,749",1.12,"27,051","11,037",2.45,"14,313","12,738",1.12,"27,083","11,078",2.44,"14,321","12,762",1.12,"27,083","11,083",2.44,"14,301","12,782",1.12,"27,163","11,125",2.44,"14,359","12,804",1.12,"27,143","11,129",2.44,"14,375","12,768",1.13,"27,118","11,140",2.43,"14,378","12,740",1.13,"27,091","11,130",2.43,"14,352","12,739",1.13,"27,111","11,180",2.42,"14,364","12,747",1.13,"27,127","11,185",2.43,"14,383","12,744",1.13,"27,105","11,179",2.42,"14,378","12,727",1.13,"27,153","11,214",2.42,"14,426","12,727",1.13,"27,201","11,250",2.42,"14,488","12,713",1.14,"27,204","11,252",2.42,"14,485","12,719",1.14,"27,206","11,272",2.41,"14,500","12,706",1.14,"27,241","11,290",2.41,"14,536","12,705",1.14,,,,,,,,,,,,,,,,,,,,,,,,,,,,,,,,,,,,,,,,,,,,,,,,,,,,,,,,,,,,,,,,,,,,,,,,,,,,,,,,,,,,,,,,,,,,,,,,,,,,,,,,,,,,,,,,,,,,,,,,,,,,,,,,,,,,,,,,,,,,,,,,,,,,,,,,,,,,,,,,,,,,,,,,,,,,,,,,,,,,,,,,,,,,,,,,,,,,,,,,,,,,,,,,,,,,,,,,,,,,,,,,,,,,,,,,,,,,,,,,,,,,,,,,,,,,,,,,,,,,,,,,,,,,,,,,,,,,,,,,,,,,,,,,,,,,,,
,,,,,,,,,,,,,,,,,,,,,,,,,,,,,,,,,,,,,,,,,,,,,,,,,,,,,,,,,,,,,,,,,,,,,,,,,??? ????? ??????(4122031000),"12,459","5,774",2.16,"6,614","5,845",1.13,"12,468","5,785",2.16,"6,616","5,852",1.13,"12,414","5,763",2.15,"6,582","5,832",1.13,"12,391","5,737",2.16,"6,574","5,817",1.13,"12,310","5,717",2.15,"6,535","5,775",1.13,"12,292","5,720",2.15,"6,519","5,773",1.13,"12,235","5,720",2.14,"6,509","5,726",1.14,"12,232","5,739",2.13,"6,518","5,714",1.14,"12,232","5,784",2.11,"6,530","5,702",1.15,"12,190","5,794",2.1,"6,533","5,657",1.15,"12,112","5,783",2.09,"6,500","5,612",1.16,"12,062","5,786",2.08,"6,479","5,583",1.16,"12,043","5,796",2.08,"6,470","5,573",1.16,"12,002","5,816",2.06,"6,459","5,543",1.17,"11,997","5,832",2.06,"6,467","5,530",1.17,"11,950","5,827",2.05,"6,443","5,507",1.17,"11,952","5,835",2.05,"6,439","5,513",1.17,"11,944","5,840",2.05,"6,448","5,496",1.17,"11,921","5,840",2.04,"6,453","5,468",1.18,"11,879","5,851",2.03,"6,442","5,437",1.18,"11,875","5,854",2.03,"6,434","5,441",1.18,"11,812","5,844",2.02,"6,410","5,402",1.19,"11,764","5,847",2.01,"6,381","5,383",1.19,"11,692","5,805",2.01,"6,350","5,342",1.19,"11,632","5,779",2.01,"6,331","5,301",1.19,"11,594","5,768",2.01,"6,301","5,293",1.19,"11,577","5,779",2.0,"6,297","5,280",1.19,"11,526","5,763",2.0,"6,286","5,240",1.2,"11,502","5,768",1.99,"6,280","5,222",1.2,"11,464","5,757",1.99,"6,255","5,209",1.2,"11,433","5,759",1.99,"6,236","5,197",1.2,"11,435","5,783",1.98,"6,253","5,182",1.21,"11,425","5,781",1.98,"6,246","5,179",1.21,"11,409","5,776",1.98,"6,251","5,158",1.21,"11,381","5,787",1.97,"6,240","5,141",1.21,"11,374","5,799",1.96,"6,237","5,137",1.21,"11,365","5,804",1.96,"6,233","5,132",1.21,"11,343","5,809",1.95,"6,205","5,138",1.21,"11,336","5,820",1.95,"6,200","5,136",1.21,"11,418","5,857",1.95,"6,247","5,171",1.21,"11,382","5,875",1.94,"6,232","5,150",1.21,"11,401","5,927",1.92,"6,245","5,156",1.21,"11,373","5,925",1.92,"6,240","5,133",1.22,"11,377","5,946",1.91,"6,253","5,124",1.22,"11,263","5,876",1.92,"6,196","5,067",1.22,"11,303","5,902",1.92,"6,235","5,068",1.23,"11,305","5,915",1.91,"6,223","5,082",1.22,"11,335","5,931",1.91,"6,239","5,096",1.22,"11,312","5,960",1.9,"6,236","5,076",1.23,"11,333","5,996",1.89,"6,261","5,072",1.23,"11,360","6,038",1.88,"6,266","5,094",1.23,"11,367","6,053",1.88,"6,274","5,093",1.23,"11,431","6,084",1.88,"6,317","5,114",1.24,"11,418","6,082",1.88,"6,312","5,106",1.24,"11,410","6,097",1.87,"6,314","5,096",1.24,"11,430","6,116",1.87,"6,320","5,110",1.24,"11,419","6,121",1.87,"6,321","5,098",1.24,"11,442","6,119",1.87,"6,326","5,116",1.24,"11,448","6,127",1.87,"6,329","5,119",1.24,"11,457","6,126",1.87,"6,340","5,117",1.24,,,,,,,,,,,,,,,,,,,,,,,,,,,,,,,,,,,,,,,,,,,,,,,,,,,,,,,,,,,,,,,,,,,,,,,,,,,,,,,,,,,,,,,,,,,,,,,,,,,,,,,,,,,,,,,,,,,,,,,,,,,,,,,,,,,,,,,,,,,,,,,,,,,,,,,,,,,,,,,,,,,,,,,,,,,,,,,,,,,,,,,,,,,,,,,,,,,,,,,,,,,,,,,,,,,,,,,,,,,,,,,,,,,,,,,,,,,,,,,,,,,,,,,,,,,,,,,,,,,,,,,,,,,,,,,,,,,,,,,,,,,,,,,,,,,,,,
,,,,,,,,,,,,,,,,,,,,,,,,,,,,,,,,,,,,,,,,,,,,,,,,,,,,,,,,,,,,,,,,,,,,,,,,,??? ????? ?????(4122032000),"4,070","1,961",2.08,"2,210","1,860",1.19,"4,077","1,968",2.07,"2,218","1,859",1.19,"4,065","1,964",2.07,"2,206","1,859",1.19,"4,033","1,959",2.06,"2,189","1,844",1.19,"3,997","1,951",2.05,"2,171","1,826",1.19,"4,018","1,952",2.06,"2,175","1,843",1.18,"3,994","1,943",2.06,"2,159","1,835",1.18,"3,967","1,932",2.05,"2,149","1,818",1.18,"3,959","1,935",2.05,"2,150","1,809",1.19,"3,935","1,936",2.03,"2,147","1,788",1.2,"3,911","1,930",2.03,"2,134","1,777",1.2,"3,892","1,928",2.02,"2,130","1,762",1.21,"3,894","1,935",2.01,"2,124","1,770",1.2,"3,910","1,945",2.01,"2,136","1,774",1.2,"3,882","1,930",2.01,"2,114","1,768",1.2,"3,856","1,931",2.0,"2,107","1,749",1.2,"3,833","1,930",1.99,"2,096","1,737",1.21,"3,804","1,924",1.98,"2,082","1,722",1.21,"3,788","1,918",1.97,"2,067","1,721",1.2,"3,776","1,913",1.97,"2,062","1,714",1.2,"3,765","1,914",1.97,"2,061","1,704",1.21,"3,777","1,915",1.97,"2,072","1,705",1.22,"3,767","1,913",1.97,"2,063","1,704",1.21,"3,763","1,917",1.96,"2,058","1,705",1.21,"3,761","1,922",1.96,"2,058","1,703",1.21,"3,752","1,913",1.96,"2,051","1,701",1.21,"3,738","1,905",1.96,"2,043","1,695",1.21,"3,709","1,899",1.95,"2,036","1,673",1.22,"3,708","1,908",1.94,"2,037","1,671",1.22,"3,687","1,901",1.94,"2,029","1,658",1.22,"3,663","1,893",1.94,"2,016","1,647",1.22,"3,654","1,889",1.93,"2,005","1,649",1.22,"3,651","1,896",1.93,"1,999","1,652",1.21,"3,645","1,897",1.92,"1,992","1,653",1.21,"3,634","1,897",1.92,"1,985","1,649",1.2,"3,634","1,906",1.91,"1,991","1,643",1.21,"3,630","1,913",1.9,"1,991","1,639",1.21,"3,662","1,935",1.89,"2,007","1,655",1.21,"3,659","1,934",1.89,"2,010","1,649",1.22,"3,683","1,950",1.89,"2,024","1,659",1.22,"3,681","1,949",1.89,"2,016","1,665",1.21,"3,683","1,965",1.87,"2,020","1,663",1.21,"3,675","1,970",1.87,"2,019","1,656",1.22,"3,661","1,967",1.86,"2,013","1,648",1.22,"3,637","1,955",1.86,"1,999","1,638",1.22,"3,661","1,974",1.85,"2,006","1,655",1.21,"3,663","1,983",1.85,"2,011","1,652",1.22,"3,667","1,988",1.84,"2,003","1,664",1.2,"3,678","1,992",1.85,"2,014","1,664",1.21,"3,665","1,994",1.84,"2,013","1,652",1.22,"3,667","2,006",1.83,"2,020","1,647",1.23,"3,679","2,012",1.83,"2,032","1,647",1.23,"3,666","2,001",1.83,"2,026","1,640",1.24,"3,681","2,015",1.83,"2,029","1,652",1.23,"3,663","2,001",1.83,"2,023","1,640",1.23,"3,661","2,008",1.82,"2,027","1,634",1.24,"3,636","1,999",1.82,"2,020","1,616",1.25,"3,646","2,002",1.82,"2,030","1,616",1.26,"3,619","1,998",1.81,"2,019","1,600",1.26,"3,631","2,000",1.82,"2,023","1,608",1.26,,,,,,,,,,,,,,,,,,,,,,,,,,,,,,,,,,,,,,,,,,,,,,,,,,,,,,,,,,,,,,,,,,,,,,,,,,,,,,,,,,,,,,,,,,,,,,,,,,,,,,,,,,,,,,,,,,,,,,,,,,,,,,,,,,,,,,,,,,,,,,,,,,,,,,,,,,,,,,,,,,,,,,,,,,,,,,,,,,,,,,,,,,,,,,,,,,,,,,,,,,,,,,,,,,,,,,,,,,,,,,,,,,,,,,,,,,,,,,,,,,,,,,,,,,,,,,,,,,,,,,,,,,,,,,,,,,,,,,,,,,,,,,,,,,,,,,
,,,,,,,,,,,,,,,,,,,,,,,,,,,,,,,,,,,,,,,,,,,,,,,,,,,,,,,,,,,,,,,,,,,,,,,,,??? ????? ??????(4122033000),"11,271","4,468",2.52,"5,894","5,377",1.1,"11,199","4,465",2.51,"5,864","5,335",1.1,"11,184","4,467",2.5,"5,855","5,329",1.1,"11,155","4,467",2.5,"5,825","5,330",1.09,"11,100","4,454",2.49,"5,797","5,303",1.09,"11,051","4,443",2.49,"5,772","5,279",1.09,"10,988","4,431",2.48,"5,747","5,241",1.1,"10,923","4,411",2.48,"5,715","5,208",1.1,"10,852","4,393",2.47,"5,682","5,170",1.1,"10,811","4,395",2.46,"5,670","5,141",1.1,"10,742","4,372",2.46,"5,630","5,112",1.1,"10,668","4,355",2.45,"5,580","5,088",1.1,"10,581","4,322",2.45,"5,528","5,053",1.09,"10,525","4,308",2.44,"5,505","5,020",1.1,"10,482","4,302",2.44,"5,476","5,006",1.09,"10,435","4,296",2.43,"5,453","4,982",1.09,"10,382","4,295",2.42,"5,431","4,951",1.1,"10,382","4,301",2.41,"5,421","4,961",1.09,"10,343","4,307",2.4,"5,399","4,944",1.09,"10,272","4,298",2.39,"5,375","4,897",1.1,"10,206","4,287",2.38,"5,337","4,869",1.1,"10,189","4,300",2.37,"5,331","4,858",1.1,"10,214","4,341",2.35,"5,357","4,857",1.1,"10,292","4,403",2.34,"5,406","4,886",1.11,"10,776","4,598",2.34,"5,647","5,129",1.1,"11,555","4,930",2.34,"6,053","5,502",1.1,"12,281","5,232",2.35,"6,447","5,834",1.11,"13,187","5,575",2.37,"6,933","6,254",1.11,"13,931","5,887",2.37,"7,299","6,632",1.1,"14,838","6,273",2.37,"7,747","7,091",1.09,"15,684","6,589",2.38,"8,177","7,507",1.09,"16,981","7,134",2.38,"8,857","8,124",1.09,"17,821","7,559",2.36,"9,338","8,483",1.1,"18,374","7,816",2.35,"9,647","8,727",1.11,"19,178","8,175",2.35,"10,076","9,102",1.11,"19,964","8,525",2.34,"10,492","9,472",1.11,"20,414","8,752",2.33,"10,737","9,677",1.11,"20,698","8,902",2.33,"10,882","9,816",1.11,"21,064","9,116",2.31,"11,085","9,979",1.11,"21,714","9,441",2.3,"11,432","10,282",1.11,"22,502","9,815",2.29,"11,844","10,658",1.11,"23,052","10,085",2.29,"12,173","10,879",1.12,"23,485","10,359",2.27,"12,434","11,051",1.13,"23,710","10,523",2.25,"12,597","11,113",1.13,"24,709","11,065",2.23,"13,105","11,604",1.13,"25,848","11,712",2.21,"13,721","12,127",1.13,"26,683","12,153",2.2,"14,138","12,545",1.13,"27,363","12,544",2.18,"14,508","12,855",1.13,"27,804","12,811",2.17,"14,761","13,043",1.13,"30,237","13,878",2.18,"16,006","14,231",1.12,"31,629","14,538",2.18,"16,744","14,885",1.12,"32,462","14,934",2.17,"17,200","15,262",1.13,"13,271","6,324",2.1,"7,076","6,195",1.14,"13,311","6,340",2.1,"7,093","6,218",1.14,"13,328","6,372",2.09,"7,117","6,211",1.15,"13,378","6,386",2.09,"7,148","6,230",1.15,"13,394","6,412",2.09,"7,169","6,225",1.15,"13,402","6,423",2.09,"7,177","6,225",1.15,"13,412","6,423",2.09,"7,171","6,241",1.15,"13,372","6,406",2.09,"7,150","6,222",1.15,,,,,,,,,,,,,,,,,,,,,,,,,,,,,,,,,,,,,,,,,,,,,,,,,,,,,,,,,,,,,,,,,,,,,,,,,,,,,,,,,,,,,,,,,,,,,,,,,,,,,,,,,,,,,,,,,,,,,,,,,,,,,,,,,,,,,,,,,,,,,,,,,,,,,,,,,,,,,,,,,,,,,,,,,,,,,,,,,,,,,,,,,,,,,,,,,,,,,,,,,,,,,,,,,,,,,,,,,,,,,,,,,,,,,,,,,,,,,,,,,,,,,,,,,,,,,,,,,,,,,,,,,,,,,,,,,,,,,,,,,,,,,,,,,,,,,,
,,,,,,,,,,,,,,,,,,,,,,,,,,,,,,,,,,,,,,,,,,,,,,,,,,,,,,,,,,,,,,,,,,,,,,,,,??? ????? ??????(4122034000),"7,231","3,192",2.27,"3,763","3,468",1.09,"7,243","3,205",2.26,"3,768","3,475",1.08,"7,256","3,215",2.26,"3,777","3,479",1.09,"7,254","3,214",2.26,"3,780","3,474",1.09,"7,281","3,223",2.26,"3,790","3,491",1.09,"7,267","3,225",2.25,"3,788","3,479",1.09,"7,235","3,221",2.25,"3,778","3,457",1.09,"7,200","3,221",2.24,"3,761","3,439",1.09,"7,183","3,221",2.23,"3,751","3,432",1.09,"7,178","3,233",2.22,"3,754","3,424",1.1,"7,150","3,217",2.22,"3,741","3,409",1.1,"7,110","3,209",2.22,"3,716","3,394",1.09,"7,111","3,214",2.21,"3,718","3,393",1.1,"7,108","3,217",2.21,"3,735","3,373",1.11,"7,117","3,229",2.2,"3,739","3,378",1.11,"7,086","3,216",2.2,"3,721","3,365",1.11,"7,089","3,229",2.2,"3,724","3,365",1.11,"7,082","3,223",2.2,"3,714","3,368",1.1,"7,065","3,214",2.2,"3,713","3,352",1.11,"7,006","3,211",2.18,"3,687","3,319",1.11,"7,015","3,217",2.18,"3,697","3,318",1.11,"6,989","3,208",2.18,"3,679","3,310",1.11,"6,983","3,207",2.18,"3,680","3,303",1.11,"6,920","3,193",2.17,"3,646","3,274",1.11,"6,898","3,191",2.16,"3,636","3,262",1.11,"6,893","3,199",2.15,"3,633","3,260",1.11,"6,880","3,199",2.15,"3,625","3,255",1.11,"6,883","3,192",2.16,"3,625","3,258",1.11,"6,855","3,185",2.15,"3,605","3,250",1.11,"6,833","3,172",2.15,"3,596","3,237",1.11,"6,823","3,176",2.15,"3,593","3,230",1.11,"6,795","3,174",2.14,"3,585","3,210",1.12,"6,774","3,176",2.13,"3,574","3,200",1.12,"6,757","3,172",2.13,"3,575","3,182",1.12,"6,759","3,179",2.13,"3,577","3,182",1.12,"6,767","3,200",2.11,"3,581","3,186",1.12,"6,745","3,204",2.11,"3,571","3,174",1.13,"6,771","3,221",2.1,"3,594","3,177",1.13,"6,747","3,211",2.1,"3,590","3,157",1.14,"6,702","3,217",2.08,"3,565","3,137",1.14,"6,704","3,223",2.08,"3,566","3,138",1.14,"6,717","3,239",2.07,"3,581","3,136",1.14,"6,709","3,244",2.07,"3,582","3,127",1.15,"6,723","3,254",2.07,"3,596","3,127",1.15,"6,684","3,232",2.07,"3,586","3,098",1.16,"6,684","3,234",2.07,"3,594","3,090",1.16,"6,670","3,238",2.06,"3,581","3,089",1.16,"6,656","3,235",2.06,"3,576","3,080",1.16,"6,639","3,237",2.05,"3,571","3,068",1.16,"6,619","3,238",2.04,"3,563","3,056",1.17,"6,610","3,250",2.03,"3,559","3,051",1.17,"6,607","3,261",2.03,"3,565","3,042",1.17,"6,606","3,267",2.02,"3,557","3,049",1.17,"6,616","3,275",2.02,"3,560","3,056",1.16,"6,618","3,283",2.02,"3,567","3,051",1.17,"6,611","3,285",2.01,"3,554","3,057",1.16,"6,625","3,299",2.01,"3,555","3,070",1.16,"6,631","3,305",2.01,"3,560","3,071",1.16,"6,634","3,307",2.01,"3,561","3,073",1.16,"6,645","3,315",2.0,"3,566","3,079",1.16,,,,,,,,,,,,,,,,,,,,,,,,,,,,,,,,,,,,,,,,,,,,,,,,,,,,,,,,,,,,,,,,,,,,,,,,,,,,,,,,,,,,,,,,,,,,,,,,,,,,,,,,,,,,,,,,,,,,,,,,,,,,,,,,,,,,,,,,,,,,,,,,,,,,,,,,,,,,,,,,,,,,,,,,,,,,,,,,,,,,,,,,,,,,,,,,,,,,,,,,,,,,,,,,,,,,,,,,,,,,,,,,,,,,,,,,,,,,,,,,,,,,,,,,,,,,,,,,,,,,,,,,,,,,,,,,,,,,,,,,,,,,,,,,,,,,,,
,,,,,,,,,,,,,,,,,,,,,,,,,,,,,,,,,,,,,,,,,,,,,,,,,,,,,,,,,,,,,,,,,,,,,,,,,??? ????? ??????(4122037000),"5,985","2,902",2.06,"3,151","2,834",1.11,"5,961","2,894",2.06,"3,135","2,826",1.11,"5,967","2,904",2.05,"3,139","2,828",1.11,"5,951","2,904",2.05,"3,130","2,821",1.11,"5,941","2,904",2.05,"3,120","2,821",1.11,"5,953","2,914",2.04,"3,127","2,826",1.11,"5,924","2,919",2.03,"3,111","2,813",1.11,"5,906","2,914",2.03,"3,108","2,798",1.11,"5,897","2,915",2.02,"3,101","2,796",1.11,"5,886","2,923",2.01,"3,095","2,791",1.11,"5,869","2,920",2.01,"3,090","2,779",1.11,"5,869","2,926",2.01,"3,091","2,778",1.11,"5,818","2,916",2.0,"3,056","2,762",1.11,"5,793","2,906",1.99,"3,048","2,745",1.11,"5,766","2,903",1.99,"3,037","2,729",1.11,"5,772","2,915",1.98,"3,041","2,731",1.11,"5,767","2,919",1.98,"3,037","2,730",1.11,"5,739","2,909",1.97,"3,024","2,715",1.11,"5,736","2,910",1.97,"3,027","2,709",1.12,"5,718","2,914",1.96,"3,022","2,696",1.12,"5,683","2,911",1.95,"3,008","2,675",1.12,"5,644","2,908",1.94,"2,983","2,661",1.12,"5,621","2,901",1.94,"2,967","2,654",1.12,"5,611","2,895",1.94,"2,962","2,649",1.12,"5,613","2,891",1.94,"2,957","2,656",1.11,"5,598","2,875",1.95,"2,959","2,639",1.12,"5,605","2,879",1.95,"2,967","2,638",1.12,"5,581","2,870",1.94,"2,953","2,628",1.12,"5,556","2,861",1.94,"2,933","2,623",1.12,"5,536","2,855",1.94,"2,917","2,619",1.11,"5,508","2,850",1.93,"2,901","2,607",1.11,"5,463","2,831",1.93,"2,871","2,592",1.11,"5,431","2,819",1.93,"2,856","2,575",1.11,"5,420","2,819",1.92,"2,856","2,564",1.11,"5,426","2,835",1.91,"2,860","2,566",1.11,"5,419","2,837",1.91,"2,859","2,560",1.12,"5,391","2,823",1.91,"2,838","2,553",1.11,"5,369","2,820",1.9,"2,822","2,547",1.11,"5,333","2,812",1.9,"2,802","2,531",1.11,"5,344","2,816",1.9,"2,805","2,539",1.1,"5,322","2,806",1.9,"2,792","2,530",1.1,"5,311","2,806",1.89,"2,792","2,519",1.11,"5,291","2,813",1.88,"2,783","2,508",1.11,"5,288","2,817",1.88,"2,790","2,498",1.12,"5,238","2,777",1.89,"2,772","2,466",1.12,"5,230","2,774",1.89,"2,770","2,460",1.13,"5,218","2,768",1.89,"2,759","2,459",1.12,"5,189","2,759",1.88,"2,743","2,446",1.12,"5,186","2,765",1.88,"2,736","2,450",1.12,"5,171","2,762",1.87,"2,736","2,435",1.12,"5,178","2,759",1.88,"2,744","2,434",1.13,"5,162","2,755",1.87,"2,734","2,428",1.13,"5,133","2,744",1.87,"2,716","2,417",1.12,"5,105","2,733",1.87,"2,696","2,409",1.12,"5,080","2,717",1.87,"2,683","2,397",1.12,"5,084","2,720",1.87,"2,693","2,391",1.13,"5,080","2,725",1.86,"2,694","2,386",1.13,"5,040","2,720",1.85,"2,669","2,371",1.13,"5,023","2,712",1.85,"2,652","2,371",1.12,"4,999","2,709",1.85,"2,641","2,358",1.12,,,,,,,,,,,,,,,,,,,,,,,,,,,,,,,,,,,,,,,,,,,,,,,,,,,,,,,,,,,,,,,,,,,,,,,,,,,,,,,,,,,,,,,,,,,,,,,,,,,,,,,,,,,,,,,,,,,,,,,,,,,,,,,,,,,,,,,,,,,,,,,,,,,,,,,,,,,,,,,,,,,,,,,,,,,,,,,,,,,,,,,,,,,,,,,,,,,,,,,,,,,,,,,,,,,,,,,,,,,,,,,,,,,,,,,,,,,,,,,,,,,,,,,,,,,,,,,,,,,,,,,,,,,,,,,,,,,,,,,,,,,,,,,,,,,,,,
,,,,,,,,,,,,,,,,,,,,,,,,,,,,,,,,,,,,,,,,,,,,,,,,,,,,,,,,,,,,,,,,,,,,,,,,,??? ????? ????(4122051000),"46,167","18,011",2.56,"23,192","22,975",1.01,"46,078","18,013",2.56,"23,149","22,929",1.01,"46,031","18,017",2.55,"23,123","22,908",1.01,"45,965","18,027",2.55,"23,075","22,890",1.01,"45,945","18,065",2.54,"23,081","22,864",1.01,"45,864","18,076",2.54,"23,055","22,809",1.01,"45,672","18,054",2.53,"22,955","22,717",1.01,"45,486","18,064",2.52,"22,833","22,653",1.01,"45,477","18,121",2.51,"22,833","22,644",1.01,"45,510","18,210",2.5,"22,866","22,644",1.01,"45,571","18,280",2.49,"22,921","22,650",1.01,"45,544","18,338",2.48,"22,938","22,606",1.01,"45,519","18,367",2.48,"22,926","22,593",1.01,"45,612","18,473",2.47,"22,953","22,659",1.01,"45,593","18,529",2.46,"22,967","22,626",1.02,"45,574","18,589",2.45,"22,973","22,601",1.02,"45,585","18,656",2.44,"22,988","22,597",1.02,"45,693","18,721",2.44,"23,054","22,639",1.02,"45,682","18,807",2.43,"23,058","22,624",1.02,"45,486","18,828",2.42,"23,004","22,482",1.02,"45,413","18,870",2.41,"23,017","22,396",1.03,"45,379","18,900",2.4,"23,003","22,376",1.03,"45,406","18,944",2.4,"23,040","22,366",1.03,"45,365","18,951",2.39,"23,056","22,309",1.03,"45,183","18,937",2.39,"22,939","22,244",1.03,"45,061","18,958",2.38,"22,877","22,184",1.03,"44,785","18,886",2.37,"22,756","22,029",1.03,"44,533","18,834",2.36,"22,628","21,905",1.03,"44,413","18,831",2.36,"22,586","21,827",1.03,"44,112","18,754",2.35,"22,450","21,662",1.04,"43,987","18,756",2.35,"22,402","21,585",1.04,"43,970","18,794",2.34,"22,400","21,570",1.04,"43,942","18,860",2.33,"22,421","21,521",1.04,"43,997","18,974",2.32,"22,483","21,514",1.05,"44,081","19,103",2.31,"22,525","21,556",1.04,"44,028","19,187",2.29,"22,537","21,491",1.05,"44,013","19,277",2.28,"22,524","21,489",1.05,"43,999","19,344",2.27,"22,505","21,494",1.05,"44,008","19,423",2.27,"22,528","21,480",1.05,"43,885","19,416",2.26,"22,471","21,414",1.05,"43,885","19,487",2.25,"22,500","21,385",1.05,"43,954","19,605",2.24,"22,573","21,381",1.06,"44,007","19,700",2.23,"22,595","21,412",1.06,"44,108","19,831",2.22,"22,670","21,438",1.06,"44,019","19,805",2.22,"22,661","21,358",1.06,"43,979","19,842",2.22,"22,650","21,329",1.06,"44,098","19,972",2.21,"22,698","21,400",1.06,"44,218","20,074",2.2,"22,783","21,435",1.06,"44,302","20,190",2.19,"22,833","21,469",1.06,"44,247","20,252",2.18,"22,824","21,423",1.07,"44,324","20,402",2.17,"22,906","21,418",1.07,"44,343","20,475",2.17,"22,945","21,398",1.07,"44,293","20,519",2.16,"22,944","21,349",1.07,"44,195","20,528",2.15,"22,901","21,294",1.08,"44,120","20,522",2.15,"22,886","21,234",1.08,"44,100","20,584",2.14,"22,901","21,199",1.08,"44,124","20,649",2.14,"22,931","21,193",1.08,"44,453","21,057",2.11,"23,197","21,256",1.09,"44,568","21,245",2.1,"23,260","21,308",1.09,"44,495","21,308",2.09,"23,254","21,241",1.09,,,,,,,,,,,,,,,,,,,,,,,,,,,,,,,,,,,,,,,,,,,,,,,,,,,,,,,,,,,,,,,,,,,,,,,,,,,,,,,,,,,,,,,,,,,,,,,,,,,,,,,,,,,,,,,,,,,,,,,,,,,,,,,,,,,,,,,,,,,,,,,,,,,,,,,,,,,,,,,,,,,,,,,,,,,,,,,,,,,,,,,,,,,,,,,,,,,,,,,,,,,,,,,,,,,,,,,,,,,,,,,,,,,,,,,,,,,,,,,,,,,,,,,,,,,,,,,,,,,,,,,,,,,,,,,,,,,,,,,,,,,,,,,,,,,,,,
,,,,,,,,,,,,,,,,,,,,,,,,,,,,,,,,,,,,,,,,,,,,,,,,,,,,,,,,,,,,,,,,,,,,,,,,,??? ????? ??????(4122052000),"30,115","13,421",2.24,"15,119","14,996",1.01,"29,955","13,384",2.24,"15,056","14,899",1.01,"29,919","13,390",2.23,"15,023","14,896",1.01,"29,913","13,410",2.23,"15,027","14,886",1.01,"29,784","13,356",2.23,"14,952","14,832",1.01,"29,733","13,325",2.23,"14,912","14,821",1.01,"29,659","13,323",2.23,"14,885","14,774",1.01,"29,530","13,321",2.22,"14,836","14,694",1.01,"29,496","13,338",2.21,"14,826","14,670",1.01,"29,231","13,245",2.21,"14,705","14,526",1.01,"29,075","13,190",2.2,"14,639","14,436",1.01,"29,025","13,196",2.2,"14,616","14,409",1.01,"28,909","13,189",2.19,"14,551","14,358",1.01,"28,769","13,165",2.19,"14,494","14,275",1.02,"28,668","13,135",2.18,"14,435","14,233",1.01,"28,528","13,115",2.18,"14,358","14,170",1.01,"28,434","13,109",2.17,"14,325","14,109",1.02,"28,372","13,087",2.17,"14,296","14,076",1.02,"28,292","13,089",2.16,"14,257","14,035",1.02,"28,102","13,034",2.16,"14,154","13,948",1.01,"27,971","12,996",2.15,"14,091","13,880",1.02,"27,914","12,994",2.15,"14,068","13,846",1.02,"27,807","12,981",2.14,"14,013","13,794",1.02,"27,667","12,949",2.14,"13,943","13,724",1.02,"27,520","12,933",2.13,"13,883","13,637",1.02,"27,363","12,883",2.12,"13,800","13,563",1.02,"27,204","12,823",2.12,"13,728","13,476",1.02,"26,919","12,751",2.11,"13,589","13,330",1.02,"26,731","12,683",2.11,"13,509","13,222",1.02,"26,530","12,630",2.1,"13,388","13,142",1.02,"26,463","12,622",2.1,"13,363","13,100",1.02,"26,313","12,596",2.09,"13,287","13,026",1.02,"26,285","12,590",2.09,"13,238","13,047",1.01,"26,185","12,578",2.08,"13,195","12,990",1.02,"26,051","12,551",2.08,"13,101","12,950",1.01,"25,945","12,538",2.07,"13,068","12,877",1.01,"25,812","12,523",2.06,"13,038","12,774",1.02,"25,682","12,501",2.05,"12,997","12,685",1.02,"25,582","12,507",2.05,"12,969","12,613",1.03,"25,560","12,529",2.04,"12,953","12,607",1.03,"25,516","12,565",2.03,"12,936","12,580",1.03,"25,454","12,579",2.02,"12,896","12,558",1.03,"25,475","12,632",2.02,"12,898","12,577",1.03,"25,467","12,667",2.01,"12,900","12,567",1.03,"25,299","12,566",2.01,"12,788","12,511",1.02,"25,341","12,601",2.01,"12,823","12,518",1.02,"25,350","12,661",2.0,"12,848","12,502",1.03,"25,370","12,712",2.0,"12,862","12,508",1.03,"25,480","12,778",1.99,"12,939","12,541",1.03,"25,396","12,810",1.98,"12,916","12,480",1.03,"25,435","12,838",1.98,"12,949","12,486",1.04,"25,453","12,862",1.98,"12,979","12,474",1.04,"25,440","12,887",1.97,"12,988","12,452",1.04,"25,371","12,894",1.97,"12,949","12,422",1.04,"25,397","12,923",1.97,"12,962","12,435",1.04,"25,311","12,905",1.96,"12,932","12,379",1.04,"25,290","12,935",1.96,"12,936","12,354",1.05,"25,294","12,927",1.96,"12,943","12,351",1.05,"25,242","12,932",1.95,"12,922","12,320",1.05,"25,166","12,903",1.95,"12,899","12,267",1.05,,,,,,,,,,,,,,,,,,,,,,,,,,,,,,,,,,,,,,,,,,,,,,,,,,,,,,,,,,,,,,,,,,,,,,,,,,,,,,,,,,,,,,,,,,,,,,,,,,,,,,,,,,,,,,,,,,,,,,,,,,,,,,,,,,,,,,,,,,,,,,,,,,,,,,,,,,,,,,,,,,,,,,,,,,,,,,,,,,,,,,,,,,,,,,,,,,,,,,,,,,,,,,,,,,,,,,,,,,,,,,,,,,,,,,,,,,,,,,,,,,,,,,,,,,,,,,,,,,,,,,,,,,,,,,,,,,,,,,,,,,,,,,,,,,,,,,
,,,,,,,,,,,,,,,,,,,,,,,,,,,,,,,,,,,,,,,,,,,,,,,,,,,,,,,,,,,,,,,,,,,,,,,,,??? ????? ?????(4122053500),"15,630","5,993",2.61,"8,147","7,483",1.09,"15,569","6,000",2.59,"8,125","7,444",1.09,"15,531","6,000",2.59,"8,110","7,421",1.09,"15,507","6,003",2.58,"8,101","7,406",1.09,"15,511","6,005",2.58,"8,109","7,402",1.1,"15,480","6,001",2.58,"8,086","7,394",1.09,"15,382","5,961",2.58,"8,039","7,343",1.09,"15,318","5,958",2.57,"8,012","7,306",1.1,"15,298","5,951",2.57,"7,995","7,303",1.09,"15,204","5,923",2.57,"7,948","7,256",1.1,"15,079","5,887",2.56,"7,875","7,204",1.09,"15,014","5,869",2.56,"7,836","7,178",1.09,"14,983","5,876",2.55,"7,840","7,143",1.1,"14,888","5,857",2.54,"7,796","7,092",1.1,"14,838","5,827",2.55,"7,767","7,071",1.1,"14,789","5,817",2.54,"7,744","7,045",1.1,"14,756","5,833",2.53,"7,744","7,012",1.1,"14,743","5,821",2.53,"7,730","7,013",1.1,"14,699","5,817",2.53,"7,719","6,980",1.11,"14,590","5,799",2.52,"7,665","6,925",1.11,"14,556","5,796",2.51,"7,643","6,913",1.11,"14,507","5,786",2.51,"7,617","6,890",1.11,"14,475","5,793",2.5,"7,604","6,871",1.11,"14,417","5,768",2.5,"7,573","6,844",1.11,"14,401","5,756",2.5,"7,571","6,830",1.11,"14,403","5,781",2.49,"7,573","6,830",1.11,"15,697","6,350",2.47,"8,220","7,477",1.1,"16,553","6,733",2.46,"8,650","7,903",1.09,"17,041","6,973",2.44,"8,920","8,121",1.1,"17,642","7,246",2.43,"9,217","8,425",1.09,"18,195","7,500",2.43,"9,504","8,691",1.09,"18,786","7,748",2.42,"9,792","8,994",1.09,"19,141","7,901",2.42,"9,969","9,172",1.09,"19,271","7,976",2.42,"10,034","9,237",1.09,"19,352","8,030",2.41,"10,074","9,278",1.09,"19,474","8,102",2.4,"10,137","9,337",1.09,"19,601","8,153",2.4,"10,198","9,403",1.08,"19,673","8,184",2.4,"10,239","9,434",1.09,"19,722","8,228",2.4,"10,281","9,441",1.09,"19,762","8,278",2.39,"10,305","9,457",1.09,"19,754","8,296",2.38,"10,292","9,462",1.09,"19,859","8,362",2.37,"10,353","9,506",1.09,"19,943","8,426",2.37,"10,402","9,541",1.09,"20,052","8,467",2.37,"10,468","9,584",1.09,"20,103","8,454",2.38,"10,496","9,607",1.09,"20,094","8,467",2.37,"10,504","9,590",1.1,"20,109","8,494",2.37,"10,522","9,587",1.1,"20,137","8,509",2.37,"10,528","9,609",1.1,"20,171","8,538",2.36,"10,543","9,628",1.1,"20,459","8,731",2.34,"10,691","9,768",1.09,"21,355","9,188",2.32,"11,174","10,181",1.1,"21,720","9,374",2.32,"11,353","10,367",1.1,"21,857","9,447",2.31,"11,425","10,432",1.1,"21,963","9,501",2.31,"11,473","10,490",1.09,"21,996","9,536",2.31,"11,495","10,501",1.09,"22,088","9,581",2.31,"11,546","10,542",1.1,"22,222","9,625",2.31,"11,621","10,601",1.1,"22,317","9,675",2.31,"11,664","10,653",1.09,"22,304","9,669",2.31,"11,653","10,651",1.09,"22,259","9,648",2.31,"11,636","10,623",1.1,,,,,,,,,,,,,,,,,,,,,,,,,,,,,,,,,,,,,,,,,,,,,,,,,,,,,,,,,,,,,,,,,,,,,,,,,,,,,,,,,,,,,,,,,,,,,,,,,,,,,,,,,,,,,,,,,,,,,,,,,,,,,,,,,,,,,,,,,,,,,,,,,,,,,,,,,,,,,,,,,,,,,,,,,,,,,,,,,,,,,,,,,,,,,,,,,,,,,,,,,,,,,,,,,,,,,,,,,,,,,,,,,,,,,,,,,,,,,,,,,,,,,,,,,,,,,,,,,,,,,,,,,,,,,,,,,,,,,,,,,,,,,,,,,,,,,,
,,,,,,,,,,,,,,,,,,,,,,,,,,,,,,,,,,,,,,,,,,,,,,,,,,,,,,,,,,,,,,,,,,,,,,,,,??? ????? ???굿(4122055000),"11,508","5,577",2.06,"5,907","5,601",1.05,"11,630","5,659",2.06,"5,987","5,643",1.06,"11,731","5,752",2.04,"6,058","5,673",1.07,"11,798","5,843",2.02,"6,090","5,708",1.07,"11,849","5,895",2.01,"6,146","5,703",1.08,"11,888","5,939",2.0,"6,175","5,713",1.08,"11,883","5,962",1.99,"6,183","5,700",1.08,"11,884","5,985",1.99,"6,179","5,705",1.08,"11,971","6,054",1.98,"6,241","5,730",1.09,"11,951","6,079",1.97,"6,226","5,725",1.09,"11,945","6,088",1.96,"6,239","5,706",1.09,"11,927","6,083",1.96,"6,230","5,697",1.09,"11,916","6,085",1.96,"6,224","5,692",1.09,"11,905","6,078",1.96,"6,205","5,700",1.09,"11,922","6,084",1.96,"6,216","5,706",1.09,"11,933","6,104",1.95,"6,252","5,681",1.1,"11,919","6,112",1.95,"6,240","5,679",1.1,"11,863","6,082",1.95,"6,203","5,660",1.1,"11,846","6,077",1.95,"6,186","5,660",1.09,"11,847","6,090",1.95,"6,194","5,653",1.1,"11,845","6,107",1.94,"6,188","5,657",1.09,"11,844","6,121",1.93,"6,195","5,649",1.1,"11,886","6,162",1.93,"6,228","5,658",1.1,"11,944","6,213",1.92,"6,265","5,679",1.1,"11,950","6,217",1.92,"6,269","5,681",1.1,"12,001","6,245",1.92,"6,292","5,709",1.1,"12,002","6,267",1.92,"6,306","5,696",1.11,"12,015","6,287",1.91,"6,307","5,708",1.1,"11,978","6,310",1.9,"6,289","5,689",1.11,"11,942","6,304",1.89,"6,276","5,666",1.11,"11,954","6,343",1.88,"6,292","5,662",1.11,"11,953","6,374",1.88,"6,304","5,649",1.12,"11,974","6,419",1.87,"6,325","5,649",1.12,"12,020","6,443",1.87,"6,359","5,661",1.12,"12,071","6,526",1.85,"6,387","5,684",1.12,"12,147","6,620",1.83,"6,446","5,701",1.13,"12,254","6,722",1.82,"6,512","5,742",1.13,"12,398","6,816",1.82,"6,607","5,791",1.14,"12,478","6,894",1.81,"6,656","5,822",1.14,"12,510","6,940",1.8,"6,688","5,822",1.15,"12,537","7,003",1.79,"6,711","5,826",1.15,"12,571","7,057",1.78,"6,734","5,837",1.15,"12,661","7,139",1.77,"6,803","5,858",1.16,"12,758","7,216",1.77,"6,877","5,881",1.17,"12,720","7,224",1.76,"6,931","5,789",1.2,"12,711","7,226",1.76,"6,938","5,773",1.2,"12,720","7,259",1.75,"6,964","5,756",1.21,"12,785","7,330",1.74,"7,014","5,771",1.22,"12,836","7,395",1.74,"7,065","5,771",1.22,"12,866","7,461",1.72,"7,097","5,769",1.23,"12,918","7,530",1.72,"7,131","5,787",1.23,"12,946","7,572",1.71,"7,163","5,783",1.24,"12,973","7,608",1.71,"7,176","5,797",1.24,"12,924","7,594",1.7,"7,153","5,771",1.24,"12,912","7,583",1.7,"7,158","5,754",1.24,"13,000","7,659",1.7,"7,220","5,780",1.25,"12,974","7,646",1.7,"7,223","5,751",1.26,"12,977","7,674",1.69,"7,229","5,748",1.26,"12,938","7,679",1.68,"7,215","5,723",1.26,"12,969","7,702",1.68,"7,230","5,739",1.26,,,,,,,,,,,,,,,,,,,,,,,,,,,,,,,,,,,,,,,,,,,,,,,,,,,,,,,,,,,,,,,,,,,,,,,,,,,,,,,,,,,,,,,,,,,,,,,,,,,,,,,,,,,,,,,,,,,,,,,,,,,,,,,,,,,,,,,,,,,,,,,,,,,,,,,,,,,,,,,,,,,,,,,,,,,,,,,,,,,,,,,,,,,,,,,,,,,,,,,,,,,,,,,,,,,,,,,,,,,,,,,,,,,,,,,,,,,,,,,,,,,,,,,,,,,,,,,,,,,,,,,,,,,,,,,,,,,,,,,,,,,,,,,,,,,,,,
,,,,,,,,,,,,,,,,,,,,,,,,,,,,,,,,,,,,,,,,,,,,,,,,,,,,,,,,,,,,,,,,,,,,,,,,,??? ????? ????(4122056000),"23,241","9,160",2.54,"11,521","11,720",0.98,"23,226","9,160",2.54,"11,514","11,712",0.98,"23,267","9,189",2.53,"11,530","11,737",0.98,"23,338","9,222",2.53,"11,546","11,792",0.98,"23,341","9,243",2.53,"11,556","11,785",0.98,"23,291","9,235",2.52,"11,545","11,746",0.98,"23,287","9,270",2.51,"11,547","11,740",0.98,"23,264","9,286",2.51,"11,545","11,719",0.99,"23,158","9,269",2.5,"11,480","11,678",0.98,"23,112","9,278",2.49,"11,460","11,652",0.98,"23,023","9,258",2.49,"11,423","11,600",0.98,"22,992","9,243",2.49,"11,414","11,578",0.99,"22,930","9,227",2.49,"11,375","11,555",0.98,"22,893","9,217",2.48,"11,368","11,525",0.99,"22,877","9,222",2.48,"11,364","11,513",0.99,"22,803","9,193",2.48,"11,336","11,467",0.99,"22,739","9,187",2.48,"11,312","11,427",0.99,"22,700","9,186",2.47,"11,287","11,413",0.99,"22,700","9,180",2.47,"11,300","11,400",0.99,"22,605","9,169",2.47,"11,242","11,363",0.99,"22,529","9,146",2.46,"11,214","11,315",0.99,"22,514","9,147",2.46,"11,220","11,294",0.99,"22,524","9,145",2.46,"11,231","11,293",0.99,"22,509","9,153",2.46,"11,233","11,276",1.0,"22,451","9,135",2.46,"11,200","11,251",1.0,"22,411","9,143",2.45,"11,188","11,223",1.0,"22,343","9,131",2.45,"11,148","11,195",1.0,"22,220","9,120",2.44,"11,071","11,149",0.99,"22,158","9,129",2.43,"11,046","11,112",0.99,"22,075","9,121",2.42,"11,003","11,072",0.99,"22,035","9,124",2.42,"10,989","11,046",0.99,"21,991","9,151",2.4,"10,967","11,024",0.99,"21,956","9,152",2.4,"10,948","11,008",0.99,"21,985","9,179",2.4,"10,958","11,027",0.99,"22,036","9,228",2.39,"10,978","11,058",0.99,"22,022","9,254",2.38,"10,970","11,052",0.99,"22,043","9,294",2.37,"10,983","11,060",0.99,"22,132","9,354",2.37,"11,020","11,112",0.99,"22,141","9,384",2.36,"11,028","11,113",0.99,"22,111","9,394",2.35,"11,011","11,100",0.99,"22,061","9,387",2.35,"10,988","11,073",0.99,"22,042","9,405",2.34,"10,984","11,058",0.99,"22,074","9,436",2.34,"11,013","11,061",1.0,"22,105","9,462",2.34,"11,040","11,065",1.0,"22,003","9,402",2.34,"11,028","10,975",1.0,"22,044","9,415",2.34,"11,051","10,993",1.01,"22,026","9,439",2.33,"11,050","10,976",1.01,"22,033","9,472",2.33,"11,050","10,983",1.01,"22,087","9,505",2.32,"11,060","11,027",1.0,"22,032","9,507",2.32,"11,046","10,986",1.01,"22,052","9,531",2.31,"11,076","10,976",1.01,"22,087","9,560",2.31,"11,087","11,000",1.01,"22,110","9,580",2.31,"11,095","11,015",1.01,"22,099","9,592",2.3,"11,092","11,007",1.01,"22,163","9,632",2.3,"11,127","11,036",1.01,"22,194","9,642",2.3,"11,151","11,043",1.01,"22,211","9,676",2.3,"11,146","11,065",1.01,"22,207","9,691",2.29,"11,148","11,059",1.01,"22,169","9,683",2.29,"11,137","11,032",1.01,"22,161","9,695",2.29,"11,117","11,044",1.01,,,,,,,,,,,,,,,,,,,,,,,,,,,,,,,,,,,,,,,,,,,,,,,,,,,,,,,,,,,,,,,,,,,,,,,,,,,,,,,,,,,,,,,,,,,,,,,,,,,,,,,,,,,,,,,,,,,,,,,,,,,,,,,,,,,,,,,,,,,,,,,,,,,,,,,,,,,,,,,,,,,,,,,,,,,,,,,,,,,,,,,,,,,,,,,,,,,,,,,,,,,,,,,,,,,,,,,,,,,,,,,,,,,,,,,,,,,,,,,,,,,,,,,,,,,,,,,,,,,,,,,,,,,,,,,,,,,,,,,,,,,,,,,,,,,,,,
,,,,,,,,,,,,,,,,,,,,,,,,,,,,,,,,,,,,,,,,,,,,,,,,,,,,,,,,,,,,,,,,,,,,,,,,,??? ????? ????1??(4122057000),"6,650","3,491",1.9,"3,188","3,462",0.92,"6,682","3,508",1.9,"3,211","3,471",0.93,"6,651","3,491",1.91,"3,197","3,454",0.93,"6,673","3,512",1.9,"3,216","3,457",0.93,"6,667","3,497",1.91,"3,218","3,449",0.93,"6,705","3,514",1.91,"3,233","3,472",0.93,"6,705","3,513",1.91,"3,256","3,449",0.94,"6,704","3,509",1.91,"3,263","3,441",0.95,"6,713","3,509",1.91,"3,262","3,451",0.95,"6,711","3,514",1.91,"3,254","3,457",0.94,"6,686","3,496",1.91,"3,238","3,448",0.94,"6,685","3,475",1.92,"3,248","3,437",0.95,"6,678","3,463",1.93,"3,229","3,449",0.94,"6,670","3,463",1.93,"3,231","3,439",0.94,"6,681","3,473",1.92,"3,234","3,447",0.94,"6,674","3,480",1.92,"3,225","3,449",0.94,"6,666","3,481",1.91,"3,243","3,423",0.95,"6,655","3,486",1.91,"3,253","3,402",0.96,"6,590","3,466",1.9,"3,215","3,375",0.95,"6,566","3,470",1.89,"3,208","3,358",0.96,"6,570","3,486",1.88,"3,205","3,365",0.95,"6,572","3,501",1.88,"3,210","3,362",0.95,"6,588","3,512",1.88,"3,214","3,374",0.95,"6,592","3,521",1.87,"3,220","3,372",0.95,"6,584","3,529",1.87,"3,223","3,361",0.96,"6,610","3,547",1.86,"3,237","3,373",0.96,"6,588","3,549",1.86,"3,224","3,364",0.96,"6,602","3,567",1.85,"3,241","3,361",0.96,"6,557","3,560",1.84,"3,209","3,348",0.96,"6,712","3,616",1.86,"3,301","3,411",0.97,"6,813","3,679",1.85,"3,356","3,457",0.97,"6,853","3,710",1.85,"3,390","3,463",0.98,"6,992","3,795",1.84,"3,456","3,536",0.98,"7,104","3,850",1.85,"3,516","3,588",0.98,"7,233","3,932",1.84,"3,590","3,643",0.99,"7,295","3,988",1.83,"3,629","3,666",0.99,"7,376","4,029",1.83,"3,660","3,716",0.98,"7,427","4,069",1.83,"3,692","3,735",0.99,"7,470","4,094",1.82,"3,706","3,764",0.98,"7,486","4,111",1.82,"3,723","3,763",0.99,"7,479","4,115",1.82,"3,734","3,745",1.0,"7,446","4,112",1.81,"3,721","3,725",1.0,"7,423","4,111",1.81,"3,718","3,705",1.0,"7,440","4,129",1.8,"3,730","3,710",1.01,"7,341","4,050",1.81,"3,701","3,640",1.02,"7,015","3,791",1.85,"3,640","3,375",1.08,"7,025","3,790",1.85,"3,645","3,380",1.08,"7,035","3,807",1.85,"3,654","3,381",1.08,"7,053","3,828",1.84,"3,666","3,387",1.08,"7,025","3,827",1.84,"3,654","3,371",1.08,"7,048","3,853",1.83,"3,668","3,380",1.09,"7,064","3,855",1.83,"3,683","3,381",1.09,"7,057","3,868",1.82,"3,691","3,366",1.1,"7,079","3,890",1.82,"3,692","3,387",1.09,"7,077","3,886",1.82,"3,698","3,379",1.09,"7,092","3,884",1.83,"3,701","3,391",1.09,"7,129","3,907",1.82,"3,716","3,413",1.09,"7,130","3,912",1.82,"3,715","3,415",1.09,"7,146","3,934",1.82,"3,726","3,420",1.09,"7,159","3,942",1.82,"3,729","3,430",1.09,,,,,,,,,,,,,,,,,,,,,,,,,,,,,,,,,,,,,,,,,,,,,,,,,,,,,,,,,,,,,,,,,,,,,,,,,,,,,,,,,,,,,,,,,,,,,,,,,,,,,,,,,,,,,,,,,,,,,,,,,,,,,,,,,,,,,,,,,,,,,,,,,,,,,,,,,,,,,,,,,,,,,,,,,,,,,,,,,,,,,,,,,,,,,,,,,,,,,,,,,,,,,,,,,,,,,,,,,,,,,,,,,,,,,,,,,,,,,,,,,,,,,,,,,,,,,,,,,,,,,,,,,,,,,,,,,,,,,,,,,,,,,,,,,,,,,,
,,,,,,,,,,,,,,,,,,,,,,,,,,,,,,,,,,,,,,,,,,,,,,,,,,,,,,,,,,,,,,,,,,,,,,,,,??? ????? ????2??(4122058000),"6,441","3,510",1.84,"3,165","3,276",0.97,"6,407","3,506",1.83,"3,152","3,255",0.97,"6,368","3,487",1.83,"3,134","3,234",0.97,"6,353","3,488",1.82,"3,138","3,215",0.98,"6,316","3,478",1.82,"3,122","3,194",0.98,"6,294","3,467",1.82,"3,120","3,174",0.98,"6,298","3,464",1.82,"3,121","3,177",0.98,"6,321","3,485",1.81,"3,131","3,190",0.98,"6,279","3,467",1.81,"3,115","3,164",0.98,"6,257","3,457",1.81,"3,105","3,152",0.99,"6,216","3,442",1.81,"3,083","3,133",0.98,"6,157","3,429",1.8,"3,061","3,096",0.99,"6,120","3,406",1.8,"3,047","3,073",0.99,"6,097","3,398",1.79,"3,033","3,064",0.99,"6,052","3,389",1.79,"3,004","3,048",0.99,"5,999","3,362",1.78,"2,973","3,026",0.98,"5,967","3,351",1.78,"2,955","3,012",0.98,"5,949","3,347",1.78,"2,952","2,997",0.98,"5,922","3,345",1.77,"2,941","2,981",0.99,"5,915","3,340",1.77,"2,946","2,969",0.99,"5,895","3,340",1.76,"2,935","2,960",0.99,"5,836","3,321",1.76,"2,907","2,929",0.99,"5,826","3,328",1.75,"2,896","2,930",0.99,"5,842","3,344",1.75,"2,909","2,933",0.99,"5,847","3,360",1.74,"2,918","2,929",1.0,"5,818","3,358",1.73,"2,913","2,905",1.0,"5,810","3,368",1.73,"2,902","2,908",1.0,"5,754","3,353",1.72,"2,880","2,874",1.0,"5,765","3,360",1.72,"2,885","2,880",1.0,"5,739","3,359",1.71,"2,871","2,868",1.0,"5,753","3,373",1.71,"2,881","2,872",1.0,"5,755","3,387",1.7,"2,883","2,872",1.0,"5,763","3,421",1.68,"2,901","2,862",1.01,"5,772","3,440",1.68,"2,913","2,859",1.02,"5,772","3,457",1.67,"2,915","2,857",1.02,"5,776","3,472",1.66,"2,926","2,850",1.03,"5,780","3,481",1.66,"2,930","2,850",1.03,"5,779","3,488",1.66,"2,926","2,853",1.03,"5,784","3,495",1.65,"2,926","2,858",1.02,"5,778","3,492",1.65,"2,921","2,857",1.02,"5,767","3,498",1.65,"2,917","2,850",1.02,"5,770","3,511",1.64,"2,927","2,843",1.03,"5,770","3,521",1.64,"2,930","2,840",1.03,"5,751","3,516",1.64,"2,915","2,836",1.03,"5,741","3,521",1.63,"2,918","2,823",1.03,"5,708","3,514",1.62,"2,906","2,802",1.04,"5,680","3,504",1.62,"2,885","2,795",1.03,"5,674","3,511",1.62,"2,886","2,788",1.04,"5,697","3,523",1.62,"2,906","2,791",1.04,"5,729","3,554",1.61,"2,936","2,793",1.05,"5,749","3,577",1.61,"2,949","2,800",1.05,"5,721","3,563",1.61,"2,944","2,777",1.06,"5,729","3,574",1.6,"2,959","2,770",1.07,"5,723","3,564",1.61,"2,965","2,758",1.08,"5,747","3,583",1.6,"2,983","2,764",1.08,"5,735","3,579",1.6,"2,976","2,759",1.08,"5,743","3,588",1.6,"2,980","2,763",1.08,"5,742","3,593",1.6,"2,989","2,753",1.09,"5,740","3,598",1.6,"2,995","2,745",1.09,"5,719","3,590",1.59,"2,991","2,728",1.1,,,,,,,,,,,,,,,,,,,,,,,,,,,,,,,,,,,,,,,,,,,,,,,,,,,,,,,,,,,,,,,,,,,,,,,,,,,,,,,,,,,,,,,,,,,,,,,,,,,,,,,,,,,,,,,,,,,,,,,,,,,,,,,,,,,,,,,,,,,,,,,,,,,,,,,,,,,,,,,,,,,,,,,,,,,,,,,,,,,,,,,,,,,,,,,,,,,,,,,,,,,,,,,,,,,,,,,,,,,,,,,,,,,,,,,,,,,,,,,,,,,,,,,,,,,,,,,,,,,,,,,,,,,,,,,,,,,,,,,,,,,,,,,,,,,,,,
,,,,,,,,,,,,,,,,,,,,,,,,,,,,,,,,,,,,,,,,,,,,,,,,,,,,,,,,,,,,,,,,,,,,,,,,,??? ????? ????(4122059000),"24,623","11,399",2.16,"12,333","12,290",1.0,"24,575","11,433",2.15,"12,324","12,251",1.01,"24,518","11,438",2.14,"12,293","12,225",1.01,"24,512","11,487",2.13,"12,286","12,226",1.0,"24,520","11,518",2.13,"12,284","12,236",1.0,"24,431","11,507",2.12,"12,236","12,195",1.0,"24,367","11,474",2.12,"12,195","12,172",1.0,"24,298","11,470",2.12,"12,156","12,142",1.0,"24,228","11,479",2.11,"12,121","12,107",1.0,"24,160","11,487",2.1,"12,091","12,069",1.0,"24,028","11,465",2.1,"12,057","11,971",1.01,"23,913","11,457",2.09,"12,004","11,909",1.01,"23,791","11,455",2.08,"11,967","11,824",1.01,"23,774","11,509",2.07,"11,954","11,820",1.01,"23,678","11,511",2.06,"11,924","11,754",1.01,"23,552","11,499",2.05,"11,860","11,692",1.01,"23,514","11,525",2.04,"11,833","11,681",1.01,"23,526","11,565",2.03,"11,840","11,686",1.01,"23,501","11,580",2.03,"11,843","11,658",1.02,"23,401","11,590",2.02,"11,801","11,600",1.02,"23,322","11,581",2.01,"11,785","11,537",1.02,"23,249","11,586",2.01,"11,768","11,481",1.02,"23,223","11,617",2.0,"11,740","11,483",1.02,"23,197","11,620",2.0,"11,731","11,466",1.02,"23,004","11,584",1.99,"11,677","11,327",1.03,"22,881","11,572",1.98,"11,618","11,263",1.03,"22,891","11,603",1.97,"11,609","11,282",1.03,"22,837","11,596",1.97,"11,592","11,245",1.03,"22,781","11,598",1.96,"11,588","11,193",1.04,"22,841","11,666",1.96,"11,634","11,207",1.04,"22,845","11,702",1.95,"11,662","11,183",1.04,"22,781","11,717",1.94,"11,613","11,168",1.04,"22,768","11,746",1.94,"11,625","11,143",1.04,"22,814","11,782",1.94,"11,664","11,150",1.05,"22,843","11,828",1.93,"11,685","11,158",1.05,"22,798","11,854",1.92,"11,669","11,129",1.05,"22,808","11,913",1.91,"11,689","11,119",1.05,"22,809","11,976",1.9,"11,691","11,118",1.05,"22,806","12,051",1.89,"11,708","11,098",1.05,"22,756","12,055",1.89,"11,679","11,077",1.05,"22,745","12,104",1.88,"11,689","11,056",1.06,"22,779","12,185",1.87,"11,725","11,054",1.06,"22,773","12,247",1.86,"11,726","11,047",1.06,"22,802","12,292",1.86,"11,746","11,056",1.06,"22,683","12,202",1.86,"11,701","10,982",1.07,"22,697","12,248",1.85,"11,734","10,963",1.07,"22,735","12,321",1.85,"11,773","10,962",1.07,"22,748","12,384",1.84,"11,784","10,964",1.07,"22,777","12,436",1.83,"11,802","10,975",1.08,"22,859","12,511",1.83,"11,858","11,001",1.08,"22,928","12,593",1.82,"11,911","11,017",1.08,"22,922","12,616",1.82,"11,929","10,993",1.09,"22,850","12,591",1.81,"11,896","10,954",1.09,"22,810","12,617",1.81,"11,893","10,917",1.09,"22,839","12,635",1.81,"11,916","10,923",1.09,"22,799","12,628",1.81,"11,918","10,881",1.1,"22,761","12,640",1.8,"11,912","10,849",1.1,"22,774","12,681",1.8,"11,923","10,851",1.1,"22,755","12,698",1.79,"11,898","10,857",1.1,"22,665","12,667",1.79,"11,864","10,801",1.1,,,,,,,,,,,,,,,,,,,,,,,,,,,,,,,,,,,,,,,,,,,,,,,,,,,,,,,,,,,,,,,,,,,,,,,,,,,,,,,,,,,,,,,,,,,,,,,,,,,,,,,,,,,,,,,,,,,,,,,,,,,,,,,,,,,,,,,,,,,,,,,,,,,,,,,,,,,,,,,,,,,,,,,,,,,,,,,,,,,,,,,,,,,,,,,,,,,,,,,,,,,,,,,,,,,,,,,,,,,,,,,,,,,,,,,,,,,,,,,,,,,,,,,,,,,,,,,,,,,,,,,,,,,,,,,,,,,,,,,,,,,,,,,,,,,,,,
,,,,,,,,,,,,,,,,,,,,,,,,,,,,,,,,,,,,,,,,,,,,,,,,,,,,,,,,,,,,,,,,,,,,,,,,,??? ????? ????(4122060000),"12,407","5,739",2.16,"6,341","6,066",1.05,"12,393","5,744",2.16,"6,328","6,065",1.04,"12,326","5,731",2.15,"6,280","6,046",1.04,"12,303","5,729",2.15,"6,274","6,029",1.04,"12,307","5,729",2.15,"6,290","6,017",1.05,"12,265","5,724",2.14,"6,253","6,012",1.04,"12,128","5,690",2.13,"6,185","5,943",1.04,"12,100","5,709",2.12,"6,173","5,927",1.04,"12,038","5,699",2.11,"6,154","5,884",1.05,"11,991","5,700",2.1,"6,130","5,861",1.05,"11,946","5,702",2.1,"6,095","5,851",1.04,"11,865","5,682",2.09,"6,074","5,791",1.05,"11,814","5,667",2.08,"6,049","5,765",1.05,"11,730","5,632",2.08,"6,007","5,723",1.05,"11,697","5,644",2.07,"6,000","5,697",1.05,"11,597","5,605",2.07,"5,946","5,651",1.05,"11,559","5,607",2.06,"5,926","5,633",1.05,"11,504","5,591",2.06,"5,895","5,609",1.05,"11,476","5,585",2.05,"5,883","5,593",1.05,"11,315","5,533",2.05,"5,778","5,537",1.04,"11,257","5,521",2.04,"5,750","5,507",1.04,"11,249","5,528",2.03,"5,743","5,506",1.04,"11,206","5,523",2.03,"5,722","5,484",1.04,"11,171","5,528",2.02,"5,708","5,463",1.04,"11,069","5,511",2.01,"5,653","5,416",1.04,"11,064","5,532",2.0,"5,660","5,404",1.05,"10,991","5,505",2.0,"5,624","5,367",1.05,"10,944","5,502",1.99,"5,603","5,341",1.05,"10,933","5,500",1.99,"5,591","5,342",1.05,"10,928","5,503",1.99,"5,614","5,314",1.06,"10,840","5,486",1.98,"5,568","5,272",1.06,"10,776","5,497",1.96,"5,540","5,236",1.06,"10,794","5,519",1.96,"5,564","5,230",1.06,"10,759","5,507",1.95,"5,547","5,212",1.06,"10,765","5,532",1.95,"5,547","5,218",1.06,"10,751","5,551",1.94,"5,557","5,194",1.07,"10,727","5,546",1.93,"5,545","5,182",1.07,"10,753","5,580",1.93,"5,564","5,189",1.07,"10,714","5,573",1.92,"5,534","5,180",1.07,"10,681","5,588",1.91,"5,520","5,161",1.07,"10,665","5,610",1.9,"5,530","5,135",1.08,"10,686","5,642",1.89,"5,546","5,140",1.08,"10,708","5,686",1.88,"5,576","5,132",1.09,"10,719","5,709",1.88,"5,595","5,124",1.09,"10,583","5,601",1.89,"5,522","5,061",1.09,"10,508","5,590",1.88,"5,475","5,033",1.09,"10,568","5,637",1.87,"5,503","5,065",1.09,"10,585","5,657",1.87,"5,524","5,061",1.09,"10,576","5,653",1.87,"5,535","5,041",1.1,"10,583","5,668",1.87,"5,533","5,050",1.1,"10,618","5,696",1.86,"5,561","5,057",1.1,"10,654","5,714",1.86,"5,569","5,085",1.1,"11,556","6,165",1.87,"6,054","5,502",1.1,"12,764","6,715",1.9,"6,688","6,076",1.1,"13,151","6,908",1.9,"6,901","6,250",1.1,"13,285","6,946",1.91,"6,957","6,328",1.1,"13,388","6,993",1.91,"7,013","6,375",1.1,"13,370","7,012",1.91,"7,010","6,360",1.1,"13,362","7,012",1.91,"7,006","6,356",1.1,"13,388","7,045",1.9,"7,043","6,345",1.11,,,,,,,,,,,,,,,,,,,,,,,,,,,,,,,,,,,,,,,,,,,,,,,,,,,,,,,,,,,,,,,,,,,,,,,,,,,,,,,,,,,,,,,,,,,,,,,,,,,,,,,,,,,,,,,,,,,,,,,,,,,,,,,,,,,,,,,,,,,,,,,,,,,,,,,,,,,,,,,,,,,,,,,,,,,,,,,,,,,,,,,,,,,,,,,,,,,,,,,,,,,,,,,,,,,,,,,,,,,,,,,,,,,,,,,,,,,,,,,,,,,,,,,,,,,,,,,,,,,,,,,,,,,,,,,,,,,,,,,,,,,,,,,,,,,,,,
,,,,,,,,,,,,,,,,,,,,,,,,,,,,,,,,,,,,,,,,,,,,,,,,,,,,,,,,,,,,,,,,,,,,,,,,,??? ????? ?뺹??(4122061000),"4,409","2,233",1.97,"2,235","2,174",1.03,"4,399","2,240",1.96,"2,227","2,172",1.03,"4,382","2,233",1.96,"2,219","2,163",1.03,"4,401","2,237",1.97,"2,231","2,170",1.03,"4,416","2,252",1.96,"2,232","2,184",1.02,"4,430","2,279",1.94,"2,248","2,182",1.03,"4,476","2,332",1.92,"2,286","2,190",1.04,"4,482","2,357",1.9,"2,293","2,189",1.05,"4,464","2,346",1.9,"2,286","2,178",1.05,"4,457","2,350",1.9,"2,284","2,173",1.05,"4,419","2,337",1.89,"2,265","2,154",1.05,"4,380","2,332",1.88,"2,240","2,140",1.05,"4,366","2,343",1.86,"2,240","2,126",1.05,"4,348","2,347",1.85,"2,222","2,126",1.05,"4,316","2,333",1.85,"2,205","2,111",1.04,"4,296","2,328",1.85,"2,196","2,100",1.05,"4,288","2,335",1.84,"2,187","2,101",1.04,"4,304","2,344",1.84,"2,194","2,110",1.04,"4,283","2,343",1.83,"2,192","2,091",1.05,"4,271","2,341",1.82,"2,180","2,091",1.04,"4,245","2,345",1.81,"2,170","2,075",1.05,"4,217","2,342",1.8,"2,157","2,060",1.05,"4,198","2,347",1.79,"2,141","2,057",1.04,"4,187","2,344",1.79,"2,138","2,049",1.04,"4,183","2,346",1.78,"2,142","2,041",1.05,"4,186","2,349",1.78,"2,152","2,034",1.06,"4,164","2,358",1.77,"2,150","2,014",1.07,"4,152","2,364",1.76,"2,144","2,008",1.07,"4,147","2,367",1.75,"2,153","1,994",1.08,"4,128","2,351",1.76,"2,144","1,984",1.08,"4,106","2,351",1.75,"2,136","1,970",1.08,"4,124","2,365",1.74,"2,147","1,977",1.09,"4,139","2,377",1.74,"2,159","1,980",1.09,"4,163","2,406",1.73,"2,182","1,981",1.1,"4,152","2,413",1.72,"2,184","1,968",1.11,"4,153","2,427",1.71,"2,178","1,975",1.1,"4,162","2,451",1.7,"2,180","1,982",1.1,"4,165","2,462",1.69,"2,180","1,985",1.1,"4,128","2,453",1.68,"2,172","1,956",1.11,"4,102","2,433",1.69,"2,158","1,944",1.11,"4,098","2,431",1.69,"2,142","1,956",1.1,"4,087","2,435",1.68,"2,137","1,950",1.1,"4,111","2,456",1.67,"2,155","1,956",1.1,"4,129","2,474",1.67,"2,164","1,965",1.1,"4,095","2,445",1.67,"2,143","1,952",1.1,"4,095","2,444",1.68,"2,132","1,963",1.09,"4,111","2,455",1.67,"2,147","1,964",1.09,"4,119","2,456",1.68,"2,146","1,973",1.09,"4,111","2,460",1.67,"2,137","1,974",1.08,"4,107","2,473",1.66,"2,144","1,963",1.09,"4,114","2,482",1.66,"2,148","1,966",1.09,"4,138","2,490",1.66,"2,169","1,969",1.1,"4,095","2,472",1.66,"2,153","1,942",1.11,"4,088","2,471",1.65,"2,159","1,929",1.12,"4,090","2,474",1.65,"2,159","1,931",1.12,"4,062","2,454",1.66,"2,141","1,921",1.11,"4,059","2,454",1.65,"2,134","1,925",1.11,"4,048","2,440",1.66,"2,130","1,918",1.11,"4,031","2,432",1.66,"2,128","1,903",1.12,"3,999","2,415",1.66,"2,107","1,892",1.11,,,,,,,,,,,,,,,,,,,,,,,,,,,,,,,,,,,,,,,,,,,,,,,,,,,,,,,,,,,,,,,,,,,,,,,,,,,,,,,,,,,,,,,,,,,,,,,,,,,,,,,,,,,,,,,,,,,,,,,,,,,,,,,,,,,,,,,,,,,,,,,,,,,,,,,,,,,,,,,,,,,,,,,,,,,,,,,,,,,,,,,,,,,,,,,,,,,,,,,,,,,,,,,,,,,,,,,,,,,,,,,,,,,,,,,,,,,,,,,,,,,,,,,,,,,,,,,,,,,,,,,,,,,,,,,,,,,,,,,,,,,,,,,,,,,,,,
,,,,,,,,,,,,,,,,,,,,,,,,,,,,,,,,,,,,,,,,,,,,,,,,,,,,,,,,,,,,,,,,,,,,,,,,,??? ????? ????1??(4122062000),"50,007","19,965",2.5,"25,328","24,679",1.03,"51,622","20,523",2.52,"26,119","25,503",1.02,"52,858","20,979",2.52,"26,742","26,116",1.02,"53,632","21,249",2.52,"27,153","26,479",1.03,"54,332","21,515",2.53,"27,517","26,815",1.03,"55,427","21,922",2.53,"28,085","27,342",1.03,"56,893","22,462",2.53,"28,813","28,080",1.03,"58,189","22,956",2.53,"29,514","28,675",1.03,"58,868","23,264",2.53,"29,893","28,975",1.03,"59,849","23,625",2.53,"30,384","29,465",1.03,"60,509","23,903",2.53,"30,711","29,798",1.03,"60,926","24,085",2.53,"30,926","30,000",1.03,"61,781","24,399",2.53,"31,321","30,460",1.03,"62,612","24,709",2.53,"31,733","30,879",1.03,"63,492","25,074",2.53,"32,170","31,322",1.03,"64,839","25,615",2.53,"32,848","31,991",1.03,"65,718","25,964",2.53,"33,284","32,434",1.03,"66,245","26,217",2.53,"33,570","32,675",1.03,"66,818","26,494",2.52,"33,865","32,953",1.03,"68,550","27,220",2.52,"34,720","33,830",1.03,"69,813","27,917",2.5,"35,336","34,477",1.02,"70,735","28,327",2.5,"35,838","34,897",1.03,"71,491","28,680",2.49,"36,200","35,291",1.03,"71,933","28,925",2.49,"36,421","35,512",1.03,"71,981","29,026",2.48,"36,455","35,526",1.03,"72,166","29,105",2.48,"36,560","35,606",1.03,"72,158","29,161",2.47,"36,569","35,589",1.03,"72,718","29,407",2.47,"36,833","35,885",1.03,"73,380","29,660",2.47,"37,206","36,174",1.03,"74,041","29,998",2.47,"37,547","36,494",1.03,"74,566","30,196",2.47,"37,766","36,800",1.03,"75,127","30,431",2.47,"38,031","37,096",1.03,"75,587","30,673",2.46,"38,265","37,322",1.03,"75,790","30,785",2.46,"38,384","37,406",1.03,"76,088","30,969",2.46,"38,570","37,518",1.03,"76,512","31,225",2.45,"38,794","37,718",1.03,"77,055","31,507",2.45,"39,061","37,994",1.03,"78,192","32,078",2.44,"39,661","38,531",1.03,"79,763","32,784",2.43,"40,440","39,323",1.03,"81,805","33,658",2.43,"41,496","40,309",1.03,"83,579","34,408",2.43,"42,400","41,179",1.03,"85,171","35,112",2.43,"43,224","41,947",1.03,"86,384","35,596",2.43,"43,845","42,539",1.03,"87,105","35,951",2.42,"44,174","42,931",1.03,"87,450","36,155",2.42,"44,391","43,059",1.03,"87,854","36,362",2.42,"44,596","43,258",1.03,"88,212","36,548",2.41,"44,778","43,434",1.03,"88,566","36,778",2.41,"44,983","43,583",1.03,"88,963","36,973",2.41,"45,185","43,778",1.03,"89,101","37,059",2.4,"45,241","43,860",1.03,"89,129","37,102",2.4,"45,226","43,903",1.03,"51,861","21,441",2.42,"26,071","25,790",1.01,"51,747","21,410",2.42,"26,019","25,728",1.01,"51,458","21,328",2.41,"25,870","25,588",1.01,"51,410","21,314",2.41,"25,838","25,572",1.01,"51,597","21,471",2.4,"25,938","25,659",1.01,"51,605","21,539",2.4,"25,977","25,628",1.01,"51,678","21,607",2.39,"26,021","25,657",1.01,"51,739","21,682",2.39,"26,034","25,705",1.01,"51,603","21,661",2.38,"25,974","25,629",1.01,,,,,,,,,,,,,,,,,,,,,,,,,,,,,,,,,,,,,,,,,,,,,,,,,,,,,,,,,,,,,,,,,,,,,,,,,,,,,,,,,,,,,,,,,,,,,,,,,,,,,,,,,,,,,,,,,,,,,,,,,,,,,,,,,,,,,,,,,,,,,,,,,,,,,,,,,,,,,,,,,,,,,,,,,,,,,,,,,,,,,,,,,,,,,,,,,,,,,,,,,,,,,,,,,,,,,,,,,,,,,,,,,,,,,,,,,,,,,,,,,,,,,,,,,,,,,,,,,,,,,,,,,,,,,,,,,,,,,,,,,,,,,,,,,,,,,,
,,,,,,,,,,,,,,,,,,,,,,,,,,,,,,,,,,,,,,,,,,,,,,,,,,,,,,,,,,,,,,,,,,,,,,,,,??? ????? ????2??(4122063000),"59,972","22,021",2.72,"30,148","29,824",1.01,"59,761","22,011",2.72,"30,050","29,711",1.01,"59,613","22,017",2.71,"29,995","29,618",1.01,"59,666","22,056",2.71,"30,038","29,628",1.01,"59,737","22,092",2.7,"30,064","29,673",1.01,"60,063","22,255",2.7,"30,239","29,824",1.01,"60,767","22,544",2.7,"30,577","30,190",1.01,"61,395","22,836",2.69,"30,882","30,513",1.01,"62,258","23,207",2.68,"31,334","30,924",1.01,"62,796","23,478",2.67,"31,619","31,177",1.01,"63,105","23,642",2.67,"31,752","31,353",1.01,"63,667","23,883",2.67,"32,035","31,632",1.01,"64,130","24,104",2.66,"32,302","31,828",1.01,"64,318","24,215",2.66,"32,394","31,924",1.01,"64,489","24,317",2.65,"32,483","32,006",1.01,"65,673","24,792",2.65,"33,077","32,596",1.01,"66,342","25,071",2.65,"33,409","32,933",1.01,"66,841","25,282",2.64,"33,672","33,169",1.02,"67,293","25,481",2.64,"33,882","33,411",1.01,"68,459","25,868",2.65,"34,453","34,006",1.01,"69,450","26,284",2.64,"35,014","34,436",1.02,"70,126","26,530",2.64,"35,365","34,761",1.02,"70,528","26,711",2.64,"35,575","34,953",1.02,"70,856","26,859",2.64,"35,731","35,125",1.02,"73,335","27,884",2.63,"36,998","36,337",1.02,"74,675","28,481",2.62,"37,670","37,005",1.02,"50,696","19,018",2.67,"25,262","25,434",0.99,"51,261","19,264",2.66,"25,513","25,748",0.99,"51,759","19,513",2.65,"25,747","26,012",0.99,"52,145","19,686",2.65,"25,948","26,197",0.99,"52,408","19,814",2.64,"26,060","26,348",0.99,"52,654","19,943",2.64,"26,180","26,474",0.99,"52,830","20,037",2.64,"26,263","26,567",0.99,"52,977","20,104",2.64,"26,331","26,646",0.99,"52,935","20,154",2.63,"26,285","26,650",0.99,"53,122","20,266",2.62,"26,386","26,736",0.99,"53,295","20,406",2.61,"26,462","26,833",0.99,"53,379","20,493",2.6,"26,488","26,891",0.99,"53,432","20,556",2.6,"26,502","26,930",0.98,"53,498","20,589",2.6,"26,519","26,979",0.98,"53,677","20,700",2.59,"26,618","27,059",0.98,"53,769","20,820",2.58,"26,641","27,128",0.98,"53,936","20,889",2.58,"26,719","27,217",0.98,"54,082","20,974",2.58,"26,804","27,278",0.98,"54,075","20,979",2.58,"26,802","27,273",0.98,"54,123","21,043",2.57,"26,843","27,280",0.98,"54,058","21,108",2.56,"26,820","27,238",0.98,"54,049","21,143",2.56,"26,830","27,219",0.99,"54,048","21,151",2.56,"26,830","27,218",0.99,"53,985","21,171",2.55,"26,824","27,161",0.99,"54,095","21,252",2.55,"26,892","27,203",0.99,"54,211","21,297",2.55,"26,920","27,291",0.99,"55,162","21,759",2.54,"27,376","27,786",0.99,"55,603","21,979",2.53,"27,578","28,025",0.98,"55,874","22,110",2.53,"27,742","28,132",0.99,"56,236","22,283",2.52,"27,923","28,313",0.99,"56,440","22,415",2.52,"28,026","28,414",0.99,"56,575","22,490",2.52,"28,094","28,481",0.99,"56,694","22,560",2.51,"28,163","28,531",0.99,"56,696","22,577",2.51,"28,152","28,544",0.99,,,,,,,,,,,,,,,,,,,,,,,,,,,,,,,,,,,,,,,,,,,,,,,,,,,,,,,,,,,,,,,,,,,,,,,,,,,,,,,,,,,,,,,,,,,,,,,,,,,,,,,,,,,,,,,,,,,,,,,,,,,,,,,,,,,,,,,,,,,,,,,,,,,,,,,,,,,,,,,,,,,,,,,,,,,,,,,,,,,,,,,,,,,,,,,,,,,,,,,,,,,,,,,,,,,,,,,,,,,,,,,,,,,,,,,,,,,,,,,,,,,,,,,,,,,,,,,,,,,,,,,,,,,,,,,,,,,,,,,,,,,,,,,,,,,,,,
,,,,,,,,,,,,,,,,,,,,,,,,,,,,,,,,,,,,,,,,,,,,,,,,,,,,,,,,,,,,,,,,,,,,,,,,,??? ????? ?????(4122063500),0,0,0.0,0,0,0.0,0,0,0.0,0,0,0.0,0,0,0.0,0,0,0.0,0,0,0.0,0,0,0.0,0,0,0.0,0,0,0.0,0,0,0.0,0,0,0.0,0,0,0.0,0,0,0.0,0,0,0.0,0,0,0.0,0,0,0.0,0,0,0.0,0,0,0.0,0,0,0.0,0,0,0.0,0,0,0.0,0,0,0.0,0,0,0.0,0,0,0.0,0,0,0.0,0,0,0.0,0,0,0.0,0,0,0.0,0,0,0.0,0,0,0.0,0,0,0.0,0,0,0.0,0,0,0.0,0,0,0.0,0,0,0.0,0,0,0.0,0,0,0.0,0,0,0.0,0,0,0.0,0,0,0.0,0,0,0.0,0,0,0.0,0,0,0.0,0,0,0.0,0,0,0.0,0,0,0.0,0,0,0.0,0,0,0.0,0,0,0.0,0,0,0.0,0,0,0.0,"24,680","9,764",2.53,"12,769","11,911",1.07,"24,683","9,794",2.52,"12,788","11,895",1.08,"24,681","9,776",2.52,"12,790","11,891",1.08,"24,658","9,754",2.53,"12,762","11,896",1.07,"24,684","9,763",2.53,"12,796","11,888",1.08,"24,652","9,778",2.52,"12,780","11,872",1.08,"24,743","9,836",2.52,"12,806","11,937",1.07,"24,820","9,862",2.52,"12,862","11,958",1.08,"24,825","9,897",2.51,"12,884","11,941",1.08,"24,832","9,952",2.5,"12,871","11,961",1.08,"24,765","9,962",2.49,"12,850","11,915",1.08,"24,781","10,010",2.48,"12,888","11,893",1.08,"24,832","10,074",2.46,"12,906","11,926",1.08,"24,873","10,118",2.46,"12,935","11,938",1.08,"24,962","10,187",2.45,"12,981","11,981",1.08,"25,034","10,254",2.44,"13,024","12,010",1.08,"25,138","10,334",2.43,"13,096","12,042",1.09,"25,321","10,466",2.42,"13,227","12,094",1.09,"25,472","10,574",2.41,"13,333","12,139",1.1,"25,552","10,643",2.4,"13,393","12,159",1.1,"25,744","10,742",2.4,"13,490","12,254",1.1,"25,805","10,782",2.39,"13,523","12,282",1.1,"25,947","10,880",2.38,"13,597","12,350",1.1,"25,982","10,942",2.37,"13,632","12,350",1.1,"26,075","10,998",2.37,"13,676","12,399",1.1,"26,100","11,009",2.37,"13,718","12,382",1.11,"26,033","10,996",2.37,"13,703","12,330",1.11,"26,025","11,031",2.36,"13,708","12,317",1.11,"25,956","10,977",2.36,"13,681","12,275",1.11,"25,949","10,988",2.36,"13,669","12,280",1.11,"26,031","11,026",2.36,"13,699","12,332",1.11,"26,016","11,013",2.36,"13,694","12,322",1.11,"26,000","11,043",2.35,"13,690","12,310",1.11,"25,970","11,031",2.35,"13,682","12,288",1.11,,,,,,,,,,,,,,,,,,,,,,,,,,,,,,,,,,,,,,,,,,,,,,,,,,,,,,,,,,,,,,,,,,,,,,,,,,,,,,,,,,,,,,,,,,,,,,,,,,,,,,,,,,,,,,,,,,,,,,,,,,,,,,,,,,,,,,,,,,,,,,,,,,,,,,,,,,,,,,,,,,,,,,,,,,,,,,,,,,,,,,,,,,,,,,,,,,,,,,,,,,,,,,,,,,,,,,,,,,,,,,,,,,,,,,,,,,,,,,,,,,,,,,,,,,,,,,,,,,,,,,,,,,,,,,,,,,,,,,,,,,,,,,,,,,,,,,
,,,,,,,,,,,,,,,,,,,,,,,,,,,,,,,,,,,,,,,,,,,,,,,,,,,,,,,,,,,,,,,,,,,,,,,,,??? ????? ??????(4122064000),"21,957","8,281",2.65,"11,123","10,834",1.03,"21,828","8,270",2.64,"11,063","10,765",1.03,"21,783","8,282",2.63,"11,037","10,746",1.03,"21,757","8,276",2.63,"11,020","10,737",1.03,"21,723","8,276",2.62,"10,994","10,729",1.02,"21,644","8,285",2.61,"10,949","10,695",1.02,"21,572","8,269",2.61,"10,910","10,662",1.02,"21,866","8,387",2.61,"11,046","10,820",1.02,"22,297","8,581",2.6,"11,231","11,066",1.01,"22,573","8,701",2.59,"11,350","11,223",1.01,"23,475","9,097",2.58,"11,801","11,674",1.01,"24,398","9,472",2.58,"12,269","12,129",1.01,"24,925","9,678",2.58,"12,519","12,406",1.01,"25,196","9,806",2.57,"12,647","12,549",1.01,"25,339","9,887",2.56,"12,718","12,621",1.01,"25,351","9,925",2.55,"12,719","12,632",1.01,"25,418","9,977",2.55,"12,762","12,656",1.01,"25,463","10,009",2.54,"12,796","12,667",1.01,"25,666","10,101",2.54,"12,889","12,777",1.01,"25,977","10,238",2.54,"13,066","12,911",1.01,"26,061","10,317",2.53,"13,118","12,943",1.01,"26,156","10,368",2.52,"13,143","13,013",1.01,"26,266","10,431",2.52,"13,221","13,045",1.01,"26,349","10,482",2.51,"13,268","13,081",1.01,"26,285","10,491",2.51,"13,214","13,071",1.01,"26,288","10,508",2.5,"13,208","13,080",1.01,"26,239","10,504",2.5,"13,174","13,065",1.01,"26,243","10,514",2.5,"13,178","13,065",1.01,"26,217","10,495",2.5,"13,156","13,061",1.01,"26,214","10,529",2.49,"13,152","13,062",1.01,"26,243","10,549",2.49,"13,166","13,077",1.01,"26,322","10,592",2.49,"13,207","13,115",1.01,"26,277","10,601",2.48,"13,191","13,086",1.01,"26,330","10,627",2.48,"13,214","13,116",1.01,"26,412","10,685",2.47,"13,248","13,164",1.01,"26,398","10,721",2.46,"13,248","13,150",1.01,"26,461","10,771",2.46,"13,285","13,176",1.01,"26,426","10,806",2.45,"13,244","13,182",1.0,"26,369","10,813",2.44,"13,215","13,154",1.0,"26,285","10,799",2.43,"13,183","13,102",1.01,"26,278","10,833",2.43,"13,190","13,088",1.01,"26,442","10,947",2.42,"13,267","13,175",1.01,"27,592","11,464",2.41,"13,874","13,718",1.01,"28,711","11,972",2.4,"14,457","14,254",1.01,"29,177","12,186",2.39,"14,711","14,466",1.02,"29,421","12,322",2.39,"14,818","14,603",1.01,"29,505","12,404",2.38,"14,873","14,632",1.02,"29,643","12,509",2.37,"14,951","14,692",1.02,"29,618","12,528",2.36,"14,945","14,673",1.02,"29,596","12,550",2.36,"14,922","14,674",1.02,"29,558","12,540",2.36,"14,905","14,653",1.02,"29,516","12,540",2.35,"14,877","14,639",1.02,"29,359","12,483",2.35,"14,826","14,533",1.02,"29,302","12,457",2.35,"14,786","14,516",1.02,"29,313","12,477",2.35,"14,819","14,494",1.02,"29,261","12,454",2.35,"14,797","14,464",1.02,"29,251","12,444",2.35,"14,782","14,469",1.02,"29,164","12,432",2.35,"14,741","14,423",1.02,"29,670","12,676",2.34,"15,004","14,666",1.02,"31,082","13,260",2.34,"15,730","15,352",1.02,,,,,,,,,,,,,,,,,,,,,,,,,,,,,,,,,,,,,,,,,,,,,,,,,,,,,,,,,,,,,,,,,,,,,,,,,,,,,,,,,,,,,,,,,,,,,,,,,,,,,,,,,,,,,,,,,,,,,,,,,,,,,,,,,,,,,,,,,,,,,,,,,,,,,,,,,,,,,,,,,,,,,,,,,,,,,,,,,,,,,,,,,,,,,,,,,,,,,,,,,,,,,,,,,,,,,,,,,,,,,,,,,,,,,,,,,,,,,,,,,,,,,,,,,,,,,,,,,,,,,,,,,,,,,,,,,,,,,,,,,,,,,,,,,,,,,,
,,,,,,,,,,,,,,,,,,,,,,,,,,,,,,,,,,,,,,,,,,,,,,,,,,,,,,,,,,,,,,,,,,,,,,,,,??? ????? ????(4122065000),0,0,0.0,0,0,0.0,0,0,0.0,0,0,0.0,0,0,0.0,0,0,0.0,0,0,0.0,0,0,0.0,0,0,0.0,0,0,0.0,0,0,0.0,0,0,0.0,0,0,0.0,0,0,0.0,0,0,0.0,0,0,0.0,0,0,0.0,0,0,0.0,0,0,0.0,0,0,0.0,0,0,0.0,0,0,0.0,0,0,0.0,0,0,0.0,0,0,0.0,0,0,0.0,0,0,0.0,0,0,0.0,0,0,0.0,0,0,0.0,0,0,0.0,0,0,0.0,0,0,0.0,0,0,0.0,0,0,0.0,0,0,0.0,0,0,0.0,0,0,0.0,0,0,0.0,0,0,0.0,0,0,0.0,0,0,0.0,0,0,0.0,0,0,0.0,0,0,0.0,0,0,0.0,0,0,0.0,0,0,0.0,0,0,0.0,0,0,0.0,0,0,0.0,0,0,0.0,0,0,0.0,0,0,0.0,0,0,0.0,0,0,0.0,0,0,0.0,0,0,0.0,0,0,0.0,0,0,0.0,0,0,0.0,0,0,0.0,0,0,0.0,0,0,0.0,0,0,0.0,0,0,0.0,0,0,0.0,0,0,0.0,0,0,0.0,0,0,0.0,0,0,0.0,0,0,0.0,0,0,0.0,0,0,0.0,0,0,0.0,0,0,0.0,0,0,0.0,0,0,0.0,0,0,0.0,0,0,0.0,0,0,0.0,0,0,0.0,0,0,0.0,0,0,0.0,0,0,0.0,0,0,0.0,0,0,0.0,0,0,0.0,0,0,0.0,0,0,0.0,0,0,0.0,0,0,0.0,0,0,0.0,0,0,0.0,0,0,0.0,0,0,0.0,0,0,0.0,0,0,0.0,0,0,0.0,0,0,0.0,0,0,0.0,0,0,0.0,"37,525","15,803",2.37,"19,288","18,237",1.06,"37,426","15,797",2.37,"19,257","18,169",1.06,"37,373","15,812",2.36,"19,255","18,118",1.06,"37,482","15,845",2.37,"19,328","18,154",1.06,"37,520","15,849",2.37,"19,345","18,175",1.06,"37,491","15,852",2.37,"19,307","18,184",1.06,"37,603","15,913",2.36,"19,391","18,212",1.06,"37,639","15,952",2.36,"19,439","18,200",1.07,"37,486","15,903",2.36,"19,398","18,088",1.07,,,,,,,,,,,,,,,,,,,,,,,,,,,,,,,,,,,,,,,,,,,,,,,,,,,,,,,,,,,,,,,,,,,,,,,,,,,,,,,,,,,,,,,,,,,,,,,,,,,,,,,,,,,,,,,,,,,,,,,,,,,,,,,,,,,,,,,,,,,,,,,,,,,,,,,,,,,,,,,,,,,,,,,,,,,,,,,,,,,,,,,,,,,,,,,,,,,,,,,,,,,,,,,,,,,,,,,,,,,,,,,,,,,,,,,,,,,,,,,,,,,,,,,,,,,,,,,,,,,,,,,,,,,,,,,,,,,,,,,,,,,,,,,,,,,,,,
,,,,,,,,,,,,,,,,,,,,,,,,,,,,,,,,,,,,,,,,,,,,,,,,,,,,,,,,,,,,,,,,,,,,,,,,,??? ????? ??????(4122066000),0,0,0.0,0,0,0.0,0,0,0.0,0,0,0.0,0,0,0.0,0,0,0.0,0,0,0.0,0,0,0.0,0,0,0.0,0,0,0.0,0,0,0.0,0,0,0.0,0,0,0.0,0,0,0.0,0,0,0.0,0,0,0.0,0,0,0.0,0,0,0.0,0,0,0.0,0,0,0.0,0,0,0.0,0,0,0.0,0,0,0.0,0,0,0.0,0,0,0.0,0,0,0.0,0,0,0.0,0,0,0.0,0,0,0.0,0,0,0.0,0,0,0.0,0,0,0.0,0,0,0.0,0,0,0.0,0,0,0.0,0,0,0.0,0,0,0.0,0,0,0.0,0,0,0.0,0,0,0.0,0,0,0.0,0,0,0.0,0,0,0.0,0,0,0.0,0,0,0.0,0,0,0.0,0,0,0.0,0,0,0.0,0,0,0.0,0,0,0.0,0,0,0.0,0,0,0.0,0,0,0.0,0,0,0.0,0,0,0.0,0,0,0.0,0,0,0.0,0,0,0.0,0,0,0.0,0,0,0.0,0,0,0.0,0,0,0.0,0,0,0.0,0,0,0.0,0,0,0.0,0,0,0.0,0,0,0.0,0,0,0.0,0,0,0.0,0,0,0.0,0,0,0.0,0,0,0.0,0,0,0.0,0,0,0.0,0,0,0.0,0,0,0.0,0,0,0.0,0,0,0.0,0,0,0.0,0,0,0.0,0,0,0.0,0,0,0.0,0,0,0.0,0,0,0.0,0,0,0.0,0,0,0.0,0,0,0.0,0,0,0.0,0,0,0.0,0,0,0.0,0,0,0.0,0,0,0.0,0,0,0.0,0,0,0.0,0,0,0.0,0,0,0.0,0,0,0.0,0,0,0.0,0,0,0.0,0,0,0.0,0,0,0.0,0,0,0.0,0,0,0.0,0,0,0.0,"20,031","8,942",2.24,"10,569","9,462",1.12,"21,230","9,456",2.25,"11,197","10,033",1.12,"22,000","9,734",2.26,"11,595","10,405",1.11,"22,640","9,928",2.28,"11,919","10,721",1.11,"23,030","10,102",2.28,"12,119","10,911",1.11,"23,169","10,155",2.28,"12,184","10,985",1.11,"23,923","10,460",2.29,"12,590","11,333",1.11,"24,782","10,822",2.29,"13,051","11,731",1.11,,,,,,,,,,,,,,,,,,,,,,,,,,,,,,,,,,,,,,,,,,,,,,,,,,,,,,,,,,,,,,,,,,,,,,,,,,,,,,,,,,,,,,,,,,,,,,,,,,,,,,,,,,,,,,,,,,,,,,,,,,,,,,,,,,,,,,,,,,,,,,,,,,,,,,,,,,,,,,,,,,,,,,,,,,,,,,,,,,,,,,,,,,,,,,,,,,,,,,,,,,,,,,,,,,,,,,,,,,,,,,,,,,,,,,,,,,,,,,,,,,,,,,,,,,,,,,,,,,,,,,,,,,,,,,,,,,,,,,,,,,,,,,,,,,,,,,
경기도 평택시 (4122000000),,,,,,,,,,,,,,,,,,,,,,,,,,,,,,,,,,,,,,,,,,,,,,,,,,,,,,,,,,,,,,,,,,,,,,,,,,,,,,,,,,,,,,,,,,,,,,,,,,,,,,,,,,,,,,,,,,,,,,,,,,,,,,,,,,,,,,,,,,,,,,,,,,,,,,,,,,,,,,,,,,,,,,,,,,,,,,,,,,,,,,,,,,,,,,,,,,,,,,,,,,,,,,,,,,,,,,,,,,,,,,,,,,,,,,,,,,,,,,,,,,,,,,,,,,,,,,,,,,,,,,,,,,,,,,,,,,,,,,,,,,,,,,,,,,,,,,,,,,,,,,,,,,,,,,,,,,,,,,,,,,,,,,,,,,,,,,,,,,,,,,,,,,,,,,,,,,,,,,,,,,,,,,,,,,,,,,,,,,,,,,,,,,,,,,,,,,,,,,,,,,,,,,,,,,,,,,,,,,,,,,,,,,,,,,,,,,"573,987","268,706",2.14,"299,953","274,034",1.09,"575,007","269,431",2.13,"300,748","274,259",1.1,"575,032","269,403",2.13,"301,038","273,994",1.1,"576,192","270,227",2.13,"301,796","274,396",1.1,"577,335","270,780",2.13,"302,598","274,737",1.1,"578,529","271,362",2.13,"303,283","275,246",1.1,"580,011","272,182",2.13,"304,160","275,851",1.1,"581,524","273,134",2.13,"304,985","276,539",1.1,"583,029","274,282",2.13,"305,849","277,180",1.1,"584,126","275,151",2.12,"306,543","277,583",1.1,"584,986","275,913",2.12,"307,104","277,882",1.11,"586,145","276,674",2.12,"307,749","278,396",1.11,"587,093","277,478",2.12,"308,294","278,799",1.11,"587,611","277,882",2.11,"308,573","279,038",1.11,"588,380","278,441",2.11,"309,037","279,343",1.11,"589,407","278,931",2.11,"309,573","279,834",1.11,"590,185","279,335",2.11,"310,022","280,163",1.11,"591,022","279,835",2.11,"310,473","280,549",1.11,"591,878","280,380",2.11,"310,958","280,920",1.11,"592,120","281,032",2.11,"311,046","281,074",1.11,"592,800","281,822",2.1,"311,395","281,405",1.11,"593,276","282,309",2.1,"311,687","281,589",1.11,"593,549","282,631",2.1,"311,825","281,724",1.11,"594,191","283,006",2.1,"312,132","282,059",1.11,"594,712","283,323",2.1,"312,416","282,296",1.11,"595,259","283,682",2.1,"312,576","282,683",1.11,"596,228","284,167",2.1,"313,097","283,131",1.11,"597,046","284,610",2.1,"313,527","283,519",1.11,"597,734","284,913",2.1,"313,799","283,935",1.11,"598,556","285,297",2.1,"314,231","284,325",1.11,"599,138","285,490",2.1,"314,577","284,561",1.11,"599,580","286,023",2.1,"314,808","284,772",1.11,"599,979","286,450",2.09,"314,985","284,994",1.11,"600,697","286,946",2.09,"315,374","285,323",1.11,"601,708","287,546",2.09,"315,862","285,846",1.11,"602,442","287,951",2.09,"316,193","286,249",1.1,"603,035","288,237",2.09,"316,426","286,609",1.1,"604,100","288,738",2.09,"316,843","287,257",1.1,"605,625","289,642",2.09,"317,623","288,002",1.1,"607,435","290,643",2.09,"318,534","288,901",1.1,"608,863","291,502",2.09,"319,295","289,568",1.1,"610,402","292,664",2.09,"320,208","290,194",1.1,"612,095","293,634",2.08,"321,133","290,962",1.1,"613,456","294,746",2.08,"321,932","291,524",1.1,"615,107","296,089",2.08,"322,980","292,127",1.11,"616,517","297,218",2.07,"323,931","292,586",1.11,"618,234","298,323",2.07,"325,013","293,221",1.11,"619,670","299,301",2.07,"325,937","293,733",1.11,"620,754","300,057",2.07,"326,607","294,147",1.11
경기도 평택시 팽성읍(4122025000),,,,,,,,,,,,,,,,,,,,,,,,,,,,,,,,,,,,,,,,,,,,,,,,,,,,,,,,,,,,,,,,,,,,,,,,,,,,,,,,,,,,,,,,,,,,,,,,,,,,,,,,,,,,,,,,,,,,,,,,,,,,,,,,,,,,,,,,,,,,,,,,,,,,,,,,,,,,,,,,,,,,,,,,,,,,,,,,,,,,,,,,,,,,,,,,,,,,,,,,,,,,,,,,,,,,,,,,,,,,,,,,,,,,,,,,,,,,,,,,,,,,,,,,,,,,,,,,,,,,,,,,,,,,,,,,,,,,,,,,,,,,,,,,,,,,,,,,,,,,,,,,,,,,,,,,,,,,,,,,,,,,,,,,,,,,,,,,,,,,,,,,,,,,,,,,,,,,,,,,,,,,,,,,,,,,,,,,,,,,,,,,,,,,,,,,,,,,,,,,,,,,,,,,,,,,,,,,,,,,,,,,,,,,,,,,,,"29,321","16,420",1.79,"15,385","13,936",1.1,"29,004","16,146",1.8,"15,296","13,708",1.12,"29,018","16,147",1.8,"15,295","13,723",1.11,"28,977","16,147",1.79,"15,287","13,690",1.12,"28,993","16,180",1.79,"15,313","13,680",1.12,"29,077","16,198",1.8,"15,344","13,733",1.12,"29,083","16,201",1.8,"15,324","13,759",1.11,"29,035","16,176",1.79,"15,322","13,713",1.12,"29,014","16,186",1.79,"15,314","13,700",1.12,"28,973","16,172",1.79,"15,292","13,681",1.12,"28,901","16,139",1.79,"15,265","13,636",1.12,"28,882","16,131",1.79,"15,240","13,642",1.12,"28,732","16,088",1.79,"15,144","13,588",1.11,"28,592","16,040",1.78,"15,088","13,504",1.12,"28,541","16,033",1.78,"15,065","13,476",1.12,"28,460","16,011",1.78,"15,009","13,451",1.12,"28,373","15,961",1.78,"14,949","13,424",1.11,"28,340","15,944",1.78,"14,918","13,422",1.11,"28,330","15,926",1.78,"14,899","13,431",1.11,"28,268","15,922",1.78,"14,874","13,394",1.11,"28,172","15,854",1.78,"14,818","13,354",1.11,"28,104","15,849",1.77,"14,788","13,316",1.11,"28,044","15,830",1.77,"14,765","13,279",1.11,"28,028","15,819",1.77,"14,740","13,288",1.11,"27,980","15,809",1.77,"14,699","13,281",1.11,"27,895","15,782",1.77,"14,655","13,240",1.11,"27,740","15,703",1.77,"14,568","13,172",1.11,"27,675","15,673",1.77,"14,534","13,141",1.11,"27,590","15,639",1.76,"14,472","13,118",1.1,"27,548","15,599",1.77,"14,452","13,096",1.1,"27,516","15,595",1.76,"14,446","13,070",1.11,"27,415","15,549",1.76,"14,383","13,032",1.1,"27,391","15,542",1.76,"14,352","13,039",1.1,"27,370","15,543",1.76,"14,339","13,031",1.1,"27,326","15,518",1.76,"14,290","13,036",1.1,"27,328","15,525",1.76,"14,307","13,021",1.1,"27,262","15,479",1.76,"14,265","12,997",1.1,"27,199","15,455",1.76,"14,223","12,976",1.1,"27,106","15,429",1.76,"14,190","12,916",1.1,"27,023","15,420",1.75,"14,151","12,872",1.1,"26,964","15,370",1.75,"14,140","12,824",1.1,"26,906","15,353",1.75,"14,104","12,802",1.1,"26,902","15,351",1.75,"14,092","12,810",1.1,"26,857","15,344",1.75,"14,085","12,772",1.1,"26,882","15,392",1.75,"14,103","12,779",1.1,"26,961","15,445",1.75,"14,134","12,827",1.1,"26,997","15,491",1.74,"14,150","12,847",1.1,"26,999","15,512",1.74,"14,160","12,839",1.1,"27,009","15,542",1.74,"14,184","12,825",1.11
경기도 평택시 안중읍(4122025300),,,,,,,,,,,,,,,,,,,,,,,,,,,,,,,,,,,,,,,,,,,,,,,,,,,,,,,,,,,,,,,,,,,,,,,,,,,,,,,,,,,,,,,,,,,,,,,,,,,,,,,,,,,,,,,,,,,,,,,,,,,,,,,,,,,,,,,,,,,,,,,,,,,,,,,,,,,,,,,,,,,,,,,,,,,,,,,,,,,,,,,,,,,,,,,,,,,,,,,,,,,,,,,,,,,,,,,,,,,,,,,,,,,,,,,,,,,,,,,,,,,,,,,,,,,,,,,,,,,,,,,,,,,,,,,,,,,,,,,,,,,,,,,,,,,,,,,,,,,,,,,,,,,,,,,,,,,,,,,,,,,,,,,,,,,,,,,,,,,,,,,,,,,,,,,,,,,,,,,,,,,,,,,,,,,,,,,,,,,,,,,,,,,,,,,,,,,,,,,,,,,,,,,,,,,,,,,,,,,,,,,,,,,,,,,,,,"43,622","19,312",2.26,"22,593","21,029",1.07,"43,700","19,374",2.26,"22,655","21,045",1.08,"43,678","19,374",2.25,"22,641","21,037",1.08,"43,664","19,388",2.25,"22,644","21,020",1.08,"43,693","19,421",2.25,"22,682","21,011",1.08,"43,685","19,391",2.25,"22,686","20,999",1.08,"43,621","19,366",2.25,"22,666","20,955",1.08,"43,478","19,356",2.25,"22,585","20,893",1.08,"43,444","19,380",2.24,"22,571","20,873",1.08,"43,424","19,420",2.24,"22,565","20,859",1.08,"43,345","19,409",2.23,"22,507","20,838",1.08,"43,124","19,344",2.23,"22,388","20,736",1.08,"43,009","19,324",2.23,"22,328","20,681",1.08,"42,894","19,301",2.22,"22,277","20,617",1.08,"42,928","19,307",2.22,"22,306","20,622",1.08,"42,905","19,292",2.22,"22,310","20,595",1.08,"42,788","19,265",2.22,"22,247","20,541",1.08,"42,738","19,260",2.22,"22,217","20,521",1.08,"42,798","19,356",2.21,"22,273","20,525",1.09,"43,048","19,580",2.2,"22,384","20,664",1.08,"43,309","19,813",2.19,"22,520","20,789",1.08,"43,390","19,888",2.18,"22,568","20,822",1.08,"43,378","19,895",2.18,"22,554","20,824",1.08,"43,399","19,901",2.18,"22,571","20,828",1.08,"43,405","19,887",2.18,"22,600","20,805",1.09,"43,429","19,897",2.18,"22,626","20,803",1.09,"43,452","19,896",2.18,"22,643","20,809",1.09,"43,394","19,862",2.18,"22,593","20,801",1.09,"43,412","19,857",2.19,"22,614","20,798",1.09,"43,321","19,824",2.19,"22,579","20,742",1.09,"43,273","19,826",2.18,"22,569","20,704",1.09,"43,145","19,821",2.18,"22,518","20,627",1.09,"43,039","19,805",2.17,"22,464","20,575",1.09,"42,934","19,778",2.17,"22,400","20,534",1.09,"42,848","19,751",2.17,"22,352","20,496",1.09,"42,805","19,734",2.17,"22,338","20,467",1.09,"42,758","19,729",2.17,"22,309","20,449",1.09,"42,764","19,742",2.17,"22,298","20,466",1.09,"42,479","19,679",2.16,"22,144","20,335",1.09,"42,106","19,556",2.15,"21,958","20,148",1.09,"41,809","19,468",2.15,"21,793","20,016",1.09,"41,400","19,369",2.14,"21,579","19,821",1.09,"41,093","19,289",2.13,"21,437","19,656",1.09,"40,952","19,279",2.12,"21,391","19,561",1.09,"40,833","19,273",2.12,"21,342","19,491",1.09,"40,705","19,275",2.11,"21,259","19,446",1.09,"40,657","19,302",2.11,"21,249","19,408",1.09,"40,712","19,397",2.1,"21,299","19,413",1.1,"40,726","19,431",2.1,"21,295","19,431",1.1
경기도 평택시 포승읍(4122025600),,,,,,,,,,,,,,,,,,,,,,,,,,,,,,,,,,,,,,,,,,,,,,,,,,,,,,,,,,,,,,,,,,,,,,,,,,,,,,,,,,,,,,,,,,,,,,,,,,,,,,,,,,,,,,,,,,,,,,,,,,,,,,,,,,,,,,,,,,,,,,,,,,,,,,,,,,,,,,,,,,,,,,,,,,,,,,,,,,,,,,,,,,,,,,,,,,,,,,,,,,,,,,,,,,,,,,,,,,,,,,,,,,,,,,,,,,,,,,,,,,,,,,,,,,,,,,,,,,,,,,,,,,,,,,,,,,,,,,,,,,,,,,,,,,,,,,,,,,,,,,,,,,,,,,,,,,,,,,,,,,,,,,,,,,,,,,,,,,,,,,,,,,,,,,,,,,,,,,,,,,,,,,,,,,,,,,,,,,,,,,,,,,,,,,,,,,,,,,,,,,,,,,,,,,,,,,,,,,,,,,,,,,,,,,,,,,"24,699","14,195",1.74,"15,056","9,643",1.56,"24,732","14,248",1.74,"15,085","9,647",1.56,"24,601","14,149",1.74,"15,025","9,576",1.57,"24,609","14,177",1.74,"15,051","9,558",1.57,"24,617","14,216",1.73,"15,075","9,542",1.58,"24,549","14,200",1.73,"15,022","9,527",1.58,"24,427","14,183",1.72,"14,970","9,457",1.58,"24,370","14,156",1.72,"14,939","9,431",1.58,"24,277","14,135",1.72,"14,882","9,395",1.58,"24,214","14,124",1.71,"14,842","9,372",1.58,"24,097","14,084",1.71,"14,786","9,311",1.59,"23,995","14,042",1.71,"14,745","9,250",1.59,"23,930","14,034",1.71,"14,722","9,208",1.6,"23,816","13,973",1.7,"14,656","9,160",1.6,"23,776","13,975",1.7,"14,653","9,123",1.61,"23,737","13,954",1.7,"14,616","9,121",1.6,"23,678","13,948",1.7,"14,591","9,087",1.61,"23,639","13,927",1.7,"14,564","9,075",1.6,"23,595","13,934",1.69,"14,558","9,037",1.61,"23,474","13,916",1.69,"14,500","8,974",1.62,"23,360","13,894",1.68,"14,454","8,906",1.62,"23,276","13,859",1.68,"14,398","8,878",1.62,"23,234","13,855",1.68,"14,375","8,859",1.62,"23,194","13,836",1.68,"14,334","8,860",1.62,"23,104","13,797",1.67,"14,287","8,817",1.62,"23,017","13,739",1.68,"14,219","8,798",1.62,"22,927","13,696",1.67,"14,155","8,772",1.61,"22,838","13,666",1.67,"14,117","8,721",1.62,"22,782","13,634",1.67,"14,074","8,708",1.62,"22,758","13,626",1.67,"14,073","8,685",1.62,"22,685","13,612",1.67,"14,037","8,648",1.62,"22,586","13,580",1.66,"13,957","8,629",1.62,"22,529","13,554",1.66,"13,904","8,625",1.61,"22,479","13,537",1.66,"13,899","8,580",1.62,"22,489","13,540",1.66,"13,910","8,579",1.62,"22,446","13,523",1.66,"13,895","8,551",1.62,"22,434","13,522",1.66,"13,887","8,547",1.62,"22,417","13,502",1.66,"13,877","8,540",1.62,"22,281","13,406",1.66,"13,783","8,498",1.62,"22,037","13,296",1.66,"13,646","8,391",1.63,"21,913","13,230",1.66,"13,559","8,354",1.62,"21,705","13,167",1.65,"13,475","8,230",1.64,"21,530","13,131",1.64,"13,386","8,144",1.64,"21,409","13,091",1.64,"13,320","8,089",1.65,"21,338","13,083",1.63,"13,283","8,055",1.65,"21,200","13,027",1.63,"13,224","7,976",1.66,"21,175","13,040",1.62,"13,210","7,965",1.66,"21,171","13,052",1.62,"13,221","7,950",1.66,"21,150","13,071",1.62,"13,202","7,948",1.66
경기도 평택시 청북읍(4122025900),,,,,,,,,,,,,,,,,,,,,,,,,,,,,,,,,,,,,,,,,,,,,,,,,,,,,,,,,,,,,,,,,,,,,,,,,,,,,,,,,,,,,,,,,,,,,,,,,,,,,,,,,,,,,,,,,,,,,,,,,,,,,,,,,,,,,,,,,,,,,,,,,,,,,,,,,,,,,,,,,,,,,,,,,,,,,,,,,,,,,,,,,,,,,,,,,,,,,,,,,,,,,,,,,,,,,,,,,,,,,,,,,,,,,,,,,,,,,,,,,,,,,,,,,,,,,,,,,,,,,,,,,,,,,,,,,,,,,,,,,,,,,,,,,,,,,,,,,,,,,,,,,,,,,,,,,,,,,,,,,,,,,,,,,,,,,,,,,,,,,,,,,,,,,,,,,,,,,,,,,,,,,,,,,,,,,,,,,,,,,,,,,,,,,,,,,,,,,,,,,,,,,,,,,,,,,,,,,,,,,,,,,,,,,,,,,,"27,256","11,300",2.41,"14,549","12,707",1.14,"27,251","11,289",2.41,"14,551","12,700",1.15,"27,249","11,302",2.41,"14,552","12,697",1.15,"27,198","11,292",2.41,"14,531","12,667",1.15,"27,200","11,281",2.41,"14,531","12,669",1.15,"27,161","11,260",2.41,"14,489","12,672",1.14,"27,054","11,244",2.41,"14,452","12,602",1.15,"26,908","11,216",2.4,"14,387","12,521",1.15,"26,854","11,225",2.39,"14,377","12,477",1.15,"26,956","11,296",2.39,"14,446","12,510",1.15,"26,995","11,362",2.38,"14,481","12,514",1.16,"26,989","11,394",2.37,"14,489","12,500",1.16,"26,883","11,362",2.37,"14,423","12,460",1.16,"26,839","11,362",2.36,"14,401","12,438",1.16,"26,810","11,351",2.36,"14,398","12,412",1.16,"26,777","11,349",2.36,"14,384","12,393",1.16,"26,704","11,328",2.36,"14,345","12,359",1.16,"26,635","11,306",2.36,"14,304","12,331",1.16,"26,512","11,261",2.35,"14,274","12,238",1.17,"26,421","11,231",2.35,"14,233","12,188",1.17,"26,268","11,160",2.35,"14,143","12,125",1.17,"26,236","11,138",2.36,"14,142","12,094",1.17,"26,254","11,163",2.35,"14,152","12,102",1.17,"26,223","11,158",2.35,"14,132","12,091",1.17,"26,175","11,137",2.35,"14,100","12,075",1.17,"26,096","11,139",2.34,"14,065","12,031",1.17,"26,090","11,155",2.34,"14,061","12,029",1.17,"26,074","11,175",2.33,"14,056","12,018",1.17,"26,017","11,151",2.33,"14,024","11,993",1.17,"25,988","11,130",2.33,"14,015","11,973",1.17,"25,955","11,116",2.33,"14,001","11,954",1.17,"26,061","11,203",2.33,"14,082","11,979",1.18,"26,174","11,269",2.32,"14,147","12,027",1.18,"26,207","11,297",2.32,"14,170","12,037",1.18,"26,258","11,320",2.32,"14,201","12,057",1.18,"26,292","11,330",2.32,"14,223","12,069",1.18,"26,315","11,334",2.32,"14,240","12,075",1.18,"26,306","11,334",2.32,"14,242","12,064",1.18,"26,249","11,322",2.32,"14,209","12,040",1.18,"26,144","11,307",2.31,"14,155","11,989",1.18,"26,071","11,298",2.31,"14,112","11,959",1.18,"26,020","11,295",2.3,"14,094","11,926",1.18,"25,941","11,287",2.3,"14,043","11,898",1.18,"25,949","11,324",2.29,"14,063","11,886",1.18,"25,924","11,349",2.28,"14,069","11,855",1.19,"25,835","11,342",2.28,"14,014","11,821",1.19,"25,831","11,354",2.28,"14,020","11,811",1.19,"25,892","11,398",2.27,"14,042","11,850",1.18,"25,923","11,435",2.27,"14,065","11,858",1.19
경기도 평택시 진위면(4122031000),,,,,,,,,,,,,,,,,,,,,,,,,,,,,,,,,,,,,,,,,,,,,,,,,,,,,,,,,,,,,,,,,,,,,,,,,,,,,,,,,,,,,,,,,,,,,,,,,,,,,,,,,,,,,,,,,,,,,,,,,,,,,,,,,,,,,,,,,,,,,,,,,,,,,,,,,,,,,,,,,,,,,,,,,,,,,,,,,,,,,,,,,,,,,,,,,,,,,,,,,,,,,,,,,,,,,,,,,,,,,,,,,,,,,,,,,,,,,,,,,,,,,,,,,,,,,,,,,,,,,,,,,,,,,,,,,,,,,,,,,,,,,,,,,,,,,,,,,,,,,,,,,,,,,,,,,,,,,,,,,,,,,,,,,,,,,,,,,,,,,,,,,,,,,,,,,,,,,,,,,,,,,,,,,,,,,,,,,,,,,,,,,,,,,,,,,,,,,,,,,,,,,,,,,,,,,,,,,,,,,,,,,,,,,,,,,,"11,471","6,149",1.87,"6,336","5,135",1.23,"11,440","6,155",1.86,"6,338","5,102",1.24,"11,415","6,151",1.86,"6,313","5,102",1.24,"11,421","6,157",1.85,"6,311","5,110",1.24,"11,395","6,149",1.85,"6,296","5,099",1.23,"11,372","6,143",1.85,"6,288","5,084",1.24,"11,383","6,150",1.85,"6,292","5,091",1.24,"11,384","6,140",1.85,"6,282","5,102",1.23,"11,367","6,144",1.85,"6,280","5,087",1.23,"11,378","6,154",1.85,"6,282","5,096",1.23,"11,337","6,142",1.85,"6,270","5,067",1.24,"11,315","6,146",1.84,"6,257","5,058",1.24,"11,269","6,130",1.84,"6,236","5,033",1.24,"11,226","6,118",1.83,"6,217","5,009",1.24,"11,190","6,107",1.83,"6,199","4,991",1.24,"11,200","6,108",1.83,"6,212","4,988",1.25,"11,169","6,092",1.83,"6,184","4,985",1.24,"11,132","6,068",1.83,"6,163","4,969",1.24,"11,133","6,082",1.83,"6,162","4,971",1.24,"11,082","6,071",1.83,"6,139","4,943",1.24,"11,012","6,041",1.82,"6,109","4,903",1.25,"10,948","6,008",1.82,"6,077","4,871",1.25,"10,899","5,993",1.82,"6,054","4,845",1.25,"10,852","5,982",1.81,"6,031","4,821",1.25,"10,810","5,976",1.81,"6,008","4,802",1.25,"10,792","5,972",1.81,"6,010","4,782",1.26,"10,756","5,959",1.81,"5,998","4,758",1.26,"10,735","5,947",1.81,"6,007","4,728",1.27,"10,712","5,950",1.8,"5,991","4,721",1.27,"10,725","5,958",1.8,"5,994","4,731",1.27,"10,725","5,955",1.8,"5,992","4,733",1.27,"10,686","5,948",1.8,"5,975","4,711",1.27,"10,677","5,952",1.79,"5,958","4,719",1.26,"10,676","5,967",1.79,"5,969","4,707",1.27,"10,675","5,980",1.79,"5,970","4,705",1.27,"10,677","5,984",1.78,"5,977","4,700",1.27,"10,647","5,964",1.79,"5,962","4,685",1.27,"10,647","5,966",1.78,"5,968","4,679",1.28,"10,640","5,969",1.78,"5,962","4,678",1.27,"10,686","5,981",1.79,"5,987","4,699",1.27,"10,650","5,973",1.78,"5,962","4,688",1.27,"10,608","5,967",1.78,"5,935","4,673",1.27,"10,586","5,959",1.78,"5,916","4,670",1.27,"10,557","5,966",1.77,"5,899","4,658",1.27,"10,612","5,986",1.77,"5,909","4,703",1.26,"10,614","5,999",1.77,"5,921","4,693",1.26,"10,627","6,021",1.76,"5,925","4,702",1.26,"10,639","6,026",1.77,"5,942","4,697",1.27,"10,643","6,050",1.76,"5,947","4,696",1.27
경기도 평택시 서탄면(4122032000),,,,,,,,,,,,,,,,,,,,,,,,,,,,,,,,,,,,,,,,,,,,,,,,,,,,,,,,,,,,,,,,,,,,,,,,,,,,,,,,,,,,,,,,,,,,,,,,,,,,,,,,,,,,,,,,,,,,,,,,,,,,,,,,,,,,,,,,,,,,,,,,,,,,,,,,,,,,,,,,,,,,,,,,,,,,,,,,,,,,,,,,,,,,,,,,,,,,,,,,,,,,,,,,,,,,,,,,,,,,,,,,,,,,,,,,,,,,,,,,,,,,,,,,,,,,,,,,,,,,,,,,,,,,,,,,,,,,,,,,,,,,,,,,,,,,,,,,,,,,,,,,,,,,,,,,,,,,,,,,,,,,,,,,,,,,,,,,,,,,,,,,,,,,,,,,,,,,,,,,,,,,,,,,,,,,,,,,,,,,,,,,,,,,,,,,,,,,,,,,,,,,,,,,,,,,,,,,,,,,,,,,,,,,,,,,,,"3,633","1,997",1.82,"2,031","1,602",1.27,"3,627","1,995",1.82,"2,027","1,600",1.27,"3,618","1,990",1.82,"2,015","1,603",1.26,"3,590","1,980",1.81,"2,006","1,584",1.27,"3,583","1,970",1.82,"2,003","1,580",1.27,"3,593","1,973",1.82,"2,010","1,583",1.27,"3,589","1,971",1.82,"2,004","1,585",1.26,"3,601","1,973",1.83,"2,012","1,589",1.27,"3,593","1,970",1.82,"2,010","1,583",1.27,"3,593","1,969",1.82,"2,008","1,585",1.27,"3,609","1,978",1.82,"2,012","1,597",1.26,"3,623","1,987",1.82,"2,020","1,603",1.26,"3,609","1,982",1.82,"2,017","1,592",1.27,"3,596","1,970",1.83,"2,014","1,582",1.27,"3,605","1,969",1.83,"2,018","1,587",1.27,"3,584","1,957",1.83,"2,006","1,578",1.27,"3,573","1,951",1.83,"2,000","1,573",1.27,"3,566","1,954",1.82,"1,998","1,568",1.27,"3,553","1,948",1.82,"1,984","1,569",1.26,"3,526","1,937",1.82,"1,968","1,558",1.26,"3,522","1,934",1.82,"1,966","1,556",1.26,"3,497","1,926",1.82,"1,952","1,545",1.26,"3,477","1,910",1.82,"1,944","1,533",1.27,"3,474","1,910",1.82,"1,939","1,535",1.26,"3,453","1,898",1.82,"1,927","1,526",1.26,"3,460","1,901",1.82,"1,931","1,529",1.26,"3,451","1,898",1.82,"1,919","1,532",1.25,"3,448","1,895",1.82,"1,914","1,534",1.25,"3,452","1,896",1.82,"1,917","1,535",1.25,"3,445","1,891",1.82,"1,916","1,529",1.25,"3,434","1,886",1.82,"1,914","1,520",1.26,"3,426","1,877",1.83,"1,905","1,521",1.25,"3,411","1,868",1.83,"1,895","1,516",1.25,"3,409","1,869",1.82,"1,896","1,513",1.25,"3,405","1,865",1.83,"1,896","1,509",1.26,"3,396","1,857",1.83,"1,888","1,508",1.25,"3,390","1,857",1.83,"1,880","1,510",1.25,"3,381","1,853",1.82,"1,875","1,506",1.25,"3,368","1,846",1.82,"1,870","1,498",1.25,"3,365","1,838",1.83,"1,864","1,501",1.24,"3,356","1,835",1.83,"1,862","1,494",1.25,"3,330","1,826",1.82,"1,846","1,484",1.24,"3,330","1,823",1.83,"1,848","1,482",1.25,"3,326","1,823",1.82,"1,845","1,481",1.25,"3,334","1,821",1.83,"1,845","1,489",1.24,"3,325","1,817",1.83,"1,842","1,483",1.24,"3,301","1,813",1.82,"1,835","1,466",1.25,"3,300","1,815",1.82,"1,840","1,460",1.26,"3,300","1,812",1.82,"1,838","1,462",1.26
경기도 평택시 고덕면(4122033000),,,,,,,,,,,,,,,,,,,,,,,,,,,,,,,,,,,,,,,,,,,,,,,,,,,,,,,,,,,,,,,,,,,,,,,,,,,,,,,,,,,,,,,,,,,,,,,,,,,,,,,,,,,,,,,,,,,,,,,,,,,,,,,,,,,,,,,,,,,,,,,,,,,,,,,,,,,,,,,,,,,,,,,,,,,,,,,,,,,,,,,,,,,,,,,,,,,,,,,,,,,,,,,,,,,,,,,,,,,,,,,,,,,,,,,,,,,,,,,,,,,,,,,,,,,,,,,,,,,,,,,,,,,,,,,,,,,,,,,,,,,,,,,,,,,,,,,,,,,,,,,,,,,,,,,,,,,,,,,,,,,,,,,,,,,,,,,,,,,,,,,,,,,,,,,,,,,,,,,,,,,,,,,,,,,,,,,,,,,,,,,,,,,,,,,,,,,,,,,,,,,,,,,,,,,,,,,,,,,,,,,,,,,,,,,,,,"13,360","6,398",2.09,"7,128","6,232",1.14,"13,346","6,399",2.09,"7,121","6,225",1.14,"13,293","6,386",2.08,"7,098","6,195",1.15,"13,271","6,395",2.08,"7,093","6,178",1.15,"13,289","6,397",2.08,"7,101","6,188",1.15,"13,254","6,382",2.08,"7,084","6,170",1.15,"13,228","6,382",2.07,"7,094","6,134",1.16,"13,165","6,349",2.07,"7,048","6,117",1.15,"13,056","6,326",2.06,"7,001","6,055",1.16,"12,994","6,301",2.06,"6,967","6,027",1.16,"12,934","6,295",2.05,"6,949","5,985",1.16,"12,882","6,281",2.05,"6,933","5,949",1.17,"12,854","6,263",2.05,"6,916","5,938",1.16,"12,801","6,234",2.05,"6,879","5,922",1.16,"12,797","6,242",2.05,"6,892","5,905",1.17,"12,785","6,266",2.04,"6,910","5,875",1.18,"12,738","6,260",2.03,"6,880","5,858",1.17,"12,764","6,291",2.03,"6,892","5,872",1.17,"12,742","6,298",2.02,"6,879","5,863",1.17,"12,738","6,294",2.02,"6,870","5,868",1.17,"12,676","6,274",2.02,"6,831","5,845",1.17,"12,686","6,309",2.01,"6,855","5,831",1.18,"12,742","6,336",2.01,"6,889","5,853",1.18,"12,758","6,346",2.01,"6,899","5,859",1.18,"12,803","6,390",2.0,"6,930","5,873",1.18,"12,799","6,410",2.0,"6,928","5,871",1.18,"12,779","6,409",1.99,"6,919","5,860",1.18,"12,785","6,419",1.99,"6,920","5,865",1.18,"12,776","6,438",1.98,"6,916","5,860",1.18,"12,805","6,457",1.98,"6,937","5,868",1.18,"12,849","6,494",1.98,"6,957","5,892",1.18,"12,846","6,515",1.97,"6,971","5,875",1.19,"12,843","6,529",1.97,"6,961","5,882",1.18,"12,850","6,562",1.96,"6,984","5,866",1.19,"12,858","6,594",1.95,"7,005","5,853",1.2,"12,868","6,600",1.95,"7,004","5,864",1.19,"12,835","6,603",1.94,"6,986","5,849",1.19,"12,853","6,614",1.94,"6,992","5,861",1.19,"12,865","6,619",1.94,"7,007","5,858",1.2,"12,880","6,630",1.94,"7,019","5,861",1.2,"12,866","6,635",1.94,"7,002","5,864",1.19,"12,882","6,650",1.94,"7,021","5,861",1.2,"12,871","6,655",1.93,"7,024","5,847",1.2,"12,848","6,662",1.93,"7,036","5,812",1.21,"12,867","6,668",1.93,"7,061","5,806",1.22,"12,842","6,668",1.93,"7,063","5,779",1.22,"12,832","6,671",1.92,"7,053","5,779",1.22,"12,812","6,654",1.93,"7,052","5,760",1.22,"12,771","6,651",1.92,"7,043","5,728",1.23
경기도 평택시 오성면(4122034000),,,,,,,,,,,,,,,,,,,,,,,,,,,,,,,,,,,,,,,,,,,,,,,,,,,,,,,,,,,,,,,,,,,,,,,,,,,,,,,,,,,,,,,,,,,,,,,,,,,,,,,,,,,,,,,,,,,,,,,,,,,,,,,,,,,,,,,,,,,,,,,,,,,,,,,,,,,,,,,,,,,,,,,,,,,,,,,,,,,,,,,,,,,,,,,,,,,,,,,,,,,,,,,,,,,,,,,,,,,,,,,,,,,,,,,,,,,,,,,,,,,,,,,,,,,,,,,,,,,,,,,,,,,,,,,,,,,,,,,,,,,,,,,,,,,,,,,,,,,,,,,,,,,,,,,,,,,,,,,,,,,,,,,,,,,,,,,,,,,,,,,,,,,,,,,,,,,,,,,,,,,,,,,,,,,,,,,,,,,,,,,,,,,,,,,,,,,,,,,,,,,,,,,,,,,,,,,,,,,,,,,,,,,,,,,,,,"6,658","3,321",2.0,"3,578","3,080",1.16,"6,658","3,326",2.0,"3,573","3,085",1.16,"6,640","3,314",2.0,"3,561","3,079",1.16,"6,645","3,331",1.99,"3,564","3,081",1.16,"6,635","3,325",2.0,"3,565","3,070",1.16,"6,649","3,333",1.99,"3,569","3,080",1.16,"6,624","3,329",1.99,"3,554","3,070",1.16,"6,628","3,338",1.99,"3,555","3,073",1.16,"6,597","3,321",1.99,"3,535","3,062",1.15,"6,587","3,324",1.98,"3,535","3,052",1.16,"6,571","3,321",1.98,"3,529","3,042",1.16,"6,538","3,311",1.97,"3,497","3,041",1.15,"6,512","3,296",1.98,"3,477","3,035",1.15,"6,480","3,279",1.98,"3,458","3,022",1.14,"6,471","3,271",1.98,"3,449","3,022",1.14,"6,449","3,273",1.97,"3,439","3,010",1.14,"6,438","3,268",1.97,"3,430","3,008",1.14,"6,458","3,275",1.97,"3,445","3,013",1.14,"6,446","3,267",1.97,"3,440","3,006",1.14,"6,418","3,254",1.97,"3,422","2,996",1.14,"6,405","3,244",1.97,"3,416","2,989",1.14,"6,379","3,231",1.97,"3,398","2,981",1.14,"6,345","3,222",1.97,"3,384","2,961",1.14,"6,324","3,217",1.97,"3,371","2,953",1.14,"6,311","3,213",1.96,"3,363","2,948",1.14,"6,290","3,197",1.97,"3,353","2,937",1.14,"6,267","3,195",1.96,"3,349","2,918",1.15,"6,256","3,197",1.96,"3,340","2,916",1.15,"6,268","3,197",1.96,"3,346","2,922",1.15,"6,236","3,188",1.96,"3,333","2,903",1.15,"6,229","3,187",1.95,"3,333","2,896",1.15,"6,209","3,180",1.95,"3,326","2,883",1.15,"6,182","3,172",1.95,"3,303","2,879",1.15,"6,176","3,170",1.95,"3,294","2,882",1.14,"6,157","3,172",1.94,"3,285","2,872",1.14,"6,165","3,170",1.94,"3,287","2,878",1.14,"6,126","3,149",1.95,"3,269","2,857",1.14,"6,102","3,134",1.95,"3,250","2,852",1.14,"6,088","3,135",1.94,"3,241","2,847",1.14,"6,050","3,125",1.94,"3,221","2,829",1.14,"6,023","3,112",1.94,"3,206","2,817",1.14,"6,012","3,103",1.94,"3,205","2,807",1.14,"6,025","3,110",1.94,"3,217","2,808",1.15,"6,014","3,109",1.93,"3,214","2,800",1.15,"6,025","3,118",1.93,"3,227","2,798",1.15,"6,020","3,123",1.93,"3,223","2,797",1.15,"6,014","3,133",1.92,"3,216","2,798",1.15,"5,987","3,131",1.91,"3,203","2,784",1.15,"5,966","3,128",1.91,"3,187","2,779",1.15
경기도 평택시 현덕면(4122037000),,,,,,,,,,,,,,,,,,,,,,,,,,,,,,,,,,,,,,,,,,,,,,,,,,,,,,,,,,,,,,,,,,,,,,,,,,,,,,,,,,,,,,,,,,,,,,,,,,,,,,,,,,,,,,,,,,,,,,,,,,,,,,,,,,,,,,,,,,,,,,,,,,,,,,,,,,,,,,,,,,,,,,,,,,,,,,,,,,,,,,,,,,,,,,,,,,,,,,,,,,,,,,,,,,,,,,,,,,,,,,,,,,,,,,,,,,,,,,,,,,,,,,,,,,,,,,,,,,,,,,,,,,,,,,,,,,,,,,,,,,,,,,,,,,,,,,,,,,,,,,,,,,,,,,,,,,,,,,,,,,,,,,,,,,,,,,,,,,,,,,,,,,,,,,,,,,,,,,,,,,,,,,,,,,,,,,,,,,,,,,,,,,,,,,,,,,,,,,,,,,,,,,,,,,,,,,,,,,,,,,,,,,,,,,,,,,"4,997","2,705",1.85,"2,645","2,352",1.12,"4,972","2,699",1.84,"2,634","2,338",1.13,"4,968","2,697",1.84,"2,637","2,331",1.13,"4,970","2,701",1.84,"2,640","2,330",1.13,"4,962","2,697",1.84,"2,636","2,326",1.13,"4,972","2,699",1.84,"2,648","2,324",1.14,"4,961","2,697",1.84,"2,641","2,320",1.14,"4,952","2,690",1.84,"2,634","2,318",1.14,"4,937","2,686",1.84,"2,621","2,316",1.13,"4,943","2,686",1.84,"2,628","2,315",1.14,"5,286","2,832",1.87,"2,814","2,472",1.14,"5,578","2,970",1.88,"2,982","2,596",1.15,"5,635","3,010",1.87,"3,018","2,617",1.15,"5,661","3,013",1.88,"3,031","2,630",1.15,"5,716","3,043",1.88,"3,053","2,663",1.15,"5,765","3,066",1.88,"3,077","2,688",1.14,"5,770","3,058",1.89,"3,083","2,687",1.15,"5,806","3,076",1.89,"3,102","2,704",1.15,"5,839","3,089",1.89,"3,117","2,722",1.15,"5,823","3,081",1.89,"3,109","2,714",1.15,"5,812","3,086",1.88,"3,101","2,711",1.14,"5,765","3,070",1.88,"3,077","2,688",1.14,"5,756","3,061",1.88,"3,073","2,683",1.15,"5,771","3,067",1.88,"3,077","2,694",1.14,"5,778","3,076",1.88,"3,082","2,696",1.14,"5,765","3,073",1.88,"3,075","2,690",1.14,"5,762","3,067",1.88,"3,077","2,685",1.15,"5,746","3,065",1.87,"3,077","2,669",1.15,"5,732","3,059",1.87,"3,073","2,659",1.16,"5,723","3,063",1.87,"3,074","2,649",1.16,"5,691","3,042",1.87,"3,059","2,632",1.16,"5,659","3,025",1.87,"3,039","2,620",1.16,"5,630","3,007",1.87,"3,020","2,610",1.16,"5,638","3,009",1.87,"3,016","2,622",1.15,"5,626","3,009",1.87,"3,023","2,603",1.16,"5,655","3,018",1.87,"3,039","2,616",1.16,"5,612","2,994",1.87,"3,011","2,601",1.16,"5,598","2,985",1.88,"2,992","2,606",1.15,"6,725","3,511",1.92,"3,607","3,118",1.16,"8,291","4,217",1.97,"4,409","3,882",1.14,"9,303","4,667",1.99,"4,922","4,381",1.12,"10,740","5,284",2.03,"5,664","5,076",1.12,"11,859","5,752",2.06,"6,235","5,624",1.11,"12,547","6,051",2.07,"6,590","5,957",1.11,"13,142","6,303",2.09,"6,880","6,262",1.1,"14,390","6,857",2.1,"7,527","6,863",1.1,"15,263","7,249",2.11,"7,981","7,282",1.1,"15,865","7,527",2.11,"8,305","7,560",1.1,"16,271","7,714",2.11,"8,513","7,758",1.1
경기도 평택시 중앙동(4122051000),,,,,,,,,,,,,,,,,,,,,,,,,,,,,,,,,,,,,,,,,,,,,,,,,,,,,,,,,,,,,,,,,,,,,,,,,,,,,,,,,,,,,,,,,,,,,,,,,,,,,,,,,,,,,,,,,,,,,,,,,,,,,,,,,,,,,,,,,,,,,,,,,,,,,,,,,,,,,,,,,,,,,,,,,,,,,,,,,,,,,,,,,,,,,,,,,,,,,,,,,,,,,,,,,,,,,,,,,,,,,,,,,,,,,,,,,,,,,,,,,,,,,,,,,,,,,,,,,,,,,,,,,,,,,,,,,,,,,,,,,,,,,,,,,,,,,,,,,,,,,,,,,,,,,,,,,,,,,,,,,,,,,,,,,,,,,,,,,,,,,,,,,,,,,,,,,,,,,,,,,,,,,,,,,,,,,,,,,,,,,,,,,,,,,,,,,,,,,,,,,,,,,,,,,,,,,,,,,,,,,,,,,,,,,,,,,,"44,452","21,327",2.08,"23,237","21,215",1.1,"44,375","21,341",2.08,"23,209","21,166",1.1,"44,291","21,320",2.08,"23,189","21,102",1.1,"44,240","21,341",2.07,"23,209","21,031",1.1,"44,283","21,395",2.07,"23,274","21,009",1.11,"44,181","21,374",2.07,"23,232","20,949",1.11,"44,151","21,365",2.07,"23,238","20,913",1.11,"43,953","21,368",2.06,"23,138","20,815",1.11,"43,868","21,401",2.05,"23,124","20,744",1.11,"43,842","21,482",2.04,"23,139","20,703",1.12,"43,809","21,542",2.03,"23,122","20,687",1.12,"43,709","21,533",2.03,"23,090","20,619",1.12,"43,520","21,537",2.02,"23,010","20,510",1.12,"43,466","21,522",2.02,"22,978","20,488",1.12,"43,398","21,514",2.02,"22,944","20,454",1.12,"43,382","21,537",2.01,"22,944","20,438",1.12,"43,353","21,530",2.01,"22,959","20,394",1.13,"43,275","21,520",2.01,"22,943","20,332",1.13,"43,284","21,551",2.01,"22,948","20,336",1.13,"43,228","21,593",2.0,"22,916","20,312",1.13,"43,146","21,625",2.0,"22,882","20,264",1.13,"43,136","21,692",1.99,"22,889","20,247",1.13,"43,178","21,770",1.98,"22,945","20,233",1.13,"43,071","21,761",1.98,"22,898","20,173",1.14,"42,987","21,752",1.98,"22,822","20,165",1.13,"42,990","21,764",1.98,"22,807","20,183",1.13,"42,894","21,747",1.97,"22,736","20,158",1.13,"42,886","21,771",1.97,"22,740","20,146",1.13,"42,785","21,729",1.97,"22,688","20,097",1.13,"42,765","21,760",1.97,"22,659","20,106",1.13,"42,847","21,838",1.96,"22,716","20,131",1.13,"42,919","21,914",1.96,"22,759","20,160",1.13,"42,831","21,907",1.96,"22,715","20,116",1.13,"42,729","21,843",1.96,"22,647","20,082",1.13,"42,570","21,766",1.96,"22,557","20,013",1.13,"42,559","21,762",1.96,"22,527","20,032",1.12,"43,169","22,043",1.96,"22,830","20,339",1.12,"43,883","22,379",1.96,"23,160","20,723",1.12,"44,292","22,604",1.96,"23,349","20,943",1.11,"44,536","22,757",1.96,"23,465","21,071",1.11,"44,708","22,840",1.96,"23,517","21,191",1.11,"44,820","22,934",1.95,"23,603","21,217",1.11,"44,948","23,022",1.95,"23,680","21,268",1.11,"45,022","23,127",1.95,"23,723","21,299",1.11,"45,149","23,254",1.94,"23,832","21,317",1.12,"45,164","23,277",1.94,"23,844","21,320",1.12,"45,295","23,391",1.94,"23,949","21,346",1.12,"45,272","23,414",1.93,"23,933","21,339",1.12,"45,333","23,479",1.93,"23,983","21,350",1.12
경기도 평택시 서정동(4122052000),,,,,,,,,,,,,,,,,,,,,,,,,,,,,,,,,,,,,,,,,,,,,,,,,,,,,,,,,,,,,,,,,,,,,,,,,,,,,,,,,,,,,,,,,,,,,,,,,,,,,,,,,,,,,,,,,,,,,,,,,,,,,,,,,,,,,,,,,,,,,,,,,,,,,,,,,,,,,,,,,,,,,,,,,,,,,,,,,,,,,,,,,,,,,,,,,,,,,,,,,,,,,,,,,,,,,,,,,,,,,,,,,,,,,,,,,,,,,,,,,,,,,,,,,,,,,,,,,,,,,,,,,,,,,,,,,,,,,,,,,,,,,,,,,,,,,,,,,,,,,,,,,,,,,,,,,,,,,,,,,,,,,,,,,,,,,,,,,,,,,,,,,,,,,,,,,,,,,,,,,,,,,,,,,,,,,,,,,,,,,,,,,,,,,,,,,,,,,,,,,,,,,,,,,,,,,,,,,,,,,,,,,,,,,,,,,,"25,093","12,890",1.95,"12,848","12,245",1.05,"25,020","12,860",1.95,"12,823","12,197",1.05,"24,809","12,737",1.95,"12,727","12,082",1.05,"24,762","12,711",1.95,"12,710","12,052",1.05,"24,727","12,691",1.95,"12,711","12,016",1.06,"24,637","12,646",1.95,"12,689","11,948",1.06,"24,612","12,652",1.95,"12,670","11,942",1.06,"24,555","12,642",1.94,"12,669","11,886",1.07,"24,458","12,627",1.94,"12,621","11,837",1.07,"24,341","12,605",1.93,"12,567","11,774",1.07,"24,304","12,605",1.93,"12,560","11,744",1.07,"24,255","12,572",1.93,"12,524","11,731",1.07,"24,112","12,570",1.92,"12,448","11,664",1.07,"24,042","12,565",1.91,"12,434","11,608",1.07,"23,981","12,549",1.91,"12,403","11,578",1.07,"23,960","12,556",1.91,"12,388","11,572",1.07,"23,891","12,534",1.91,"12,371","11,520",1.07,"23,875","12,542",1.9,"12,373","11,502",1.08,"23,835","12,563",1.9,"12,353","11,482",1.08,"23,818","12,591",1.89,"12,355","11,463",1.08,"24,407","12,885",1.89,"12,692","11,715",1.08,"24,957","13,152",1.9,"12,967","11,990",1.08,"25,129","13,239",1.9,"13,039","12,090",1.08,"25,169","13,271",1.9,"13,060","12,109",1.08,"25,207","13,266",1.9,"13,064","12,143",1.08,"25,209","13,277",1.9,"13,059","12,150",1.07,"25,150","13,250",1.9,"13,033","12,117",1.08,"25,144","13,245",1.9,"13,034","12,110",1.08,"25,047","13,223",1.89,"12,985","12,062",1.08,"24,958","13,183",1.89,"12,939","12,019",1.08,"24,943","13,169",1.89,"12,927","12,016",1.08,"24,888","13,158",1.89,"12,888","12,000",1.07,"24,905","13,159",1.89,"12,918","11,987",1.08,"24,867","13,153",1.89,"12,895","11,972",1.08,"24,799","13,134",1.89,"12,851","11,948",1.08,"24,740","13,118",1.89,"12,825","11,915",1.08,"24,674","13,092",1.88,"12,819","11,855",1.08,"24,620","13,079",1.88,"12,815","11,805",1.09,"24,532","13,044",1.88,"12,778","11,754",1.09,"24,494","13,043",1.88,"12,751","11,743",1.09,"24,433","13,024",1.88,"12,725","11,708",1.09,"24,419","13,018",1.88,"12,703","11,716",1.08,"24,408","13,018",1.87,"12,684","11,724",1.08,"24,425","13,062",1.87,"12,711","11,714",1.09,"24,469","13,115",1.87,"12,754","11,715",1.09,"24,453","13,158",1.86,"12,759","11,694",1.09,"24,464","13,195",1.85,"12,779","11,685",1.09,"24,537","13,260",1.85,"12,833","11,704",1.1,"24,568","13,294",1.85,"12,867","11,701",1.1
경기도 평택시 송탄동(4122053500),,,,,,,,,,,,,,,,,,,,,,,,,,,,,,,,,,,,,,,,,,,,,,,,,,,,,,,,,,,,,,,,,,,,,,,,,,,,,,,,,,,,,,,,,,,,,,,,,,,,,,,,,,,,,,,,,,,,,,,,,,,,,,,,,,,,,,,,,,,,,,,,,,,,,,,,,,,,,,,,,,,,,,,,,,,,,,,,,,,,,,,,,,,,,,,,,,,,,,,,,,,,,,,,,,,,,,,,,,,,,,,,,,,,,,,,,,,,,,,,,,,,,,,,,,,,,,,,,,,,,,,,,,,,,,,,,,,,,,,,,,,,,,,,,,,,,,,,,,,,,,,,,,,,,,,,,,,,,,,,,,,,,,,,,,,,,,,,,,,,,,,,,,,,,,,,,,,,,,,,,,,,,,,,,,,,,,,,,,,,,,,,,,,,,,,,,,,,,,,,,,,,,,,,,,,,,,,,,,,,,,,,,,,,,,,,,,"22,303","9,657",2.31,"11,671","10,632",1.1,"22,260","9,644",2.31,"11,656","10,604",1.1,"22,297","9,639",2.31,"11,679","10,618",1.1,"22,299","9,648",2.31,"11,678","10,621",1.1,"22,320","9,654",2.31,"11,682","10,638",1.1,"22,294","9,660",2.31,"11,683","10,611",1.1,"22,313","9,672",2.31,"11,680","10,633",1.1,"22,210","9,645",2.3,"11,622","10,588",1.1,"22,213","9,672",2.3,"11,640","10,573",1.1,"22,196","9,659",2.3,"11,632","10,564",1.1,"22,177","9,656",2.3,"11,630","10,547",1.1,"22,169","9,645",2.3,"11,609","10,560",1.1,"22,076","9,635",2.29,"11,561","10,515",1.1,"22,022","9,630",2.29,"11,524","10,498",1.1,"22,016","9,627",2.29,"11,518","10,498",1.1,"21,934","9,590",2.29,"11,479","10,455",1.1,"21,857","9,571",2.28,"11,439","10,418",1.1,"21,903","9,583",2.29,"11,442","10,461",1.09,"21,866","9,553",2.29,"11,419","10,447",1.09,"21,957","9,609",2.29,"11,459","10,498",1.09,"22,710","9,898",2.29,"11,858","10,852",1.09,"23,115","10,053",2.3,"12,051","11,064",1.09,"23,245","10,112",2.3,"12,109","11,136",1.09,"23,339","10,142",2.3,"12,137","11,202",1.08,"23,410","10,177",2.3,"12,175","11,235",1.08,"23,467","10,209",2.3,"12,188","11,279",1.08,"23,454","10,208",2.3,"12,171","11,283",1.08,"23,479","10,222",2.3,"12,172","11,307",1.08,"23,512","10,230",2.3,"12,189","11,323",1.08,"23,498","10,237",2.3,"12,184","11,314",1.08,"23,525","10,223",2.3,"12,191","11,334",1.08,"23,513","10,228",2.3,"12,203","11,310",1.08,"23,514","10,217",2.3,"12,187","11,327",1.08,"23,467","10,213",2.3,"12,168","11,299",1.08,"23,481","10,225",2.3,"12,156","11,325",1.07,"23,492","10,234",2.3,"12,166","11,326",1.07,"23,450","10,210",2.3,"12,131","11,319",1.07,"23,386","10,182",2.3,"12,106","11,280",1.07,"23,315","10,155",2.3,"12,063","11,252",1.07,"23,253","10,126",2.3,"12,039","11,214",1.07,"23,258","10,126",2.3,"12,039","11,219",1.07,"23,302","10,140",2.3,"12,056","11,246",1.07,"23,336","10,160",2.3,"12,082","11,254",1.07,"23,408","10,235",2.29,"12,135","11,273",1.08,"24,006","10,531",2.28,"12,454","11,552",1.08,"24,501","10,755",2.28,"12,720","11,781",1.08,"24,864","10,899",2.28,"12,908","11,956",1.08,"25,172","11,016",2.29,"13,069","12,103",1.08,"25,363","11,108",2.28,"13,177","12,186",1.08
경기도 평택시 지산동(4122055000),,,,,,,,,,,,,,,,,,,,,,,,,,,,,,,,,,,,,,,,,,,,,,,,,,,,,,,,,,,,,,,,,,,,,,,,,,,,,,,,,,,,,,,,,,,,,,,,,,,,,,,,,,,,,,,,,,,,,,,,,,,,,,,,,,,,,,,,,,,,,,,,,,,,,,,,,,,,,,,,,,,,,,,,,,,,,,,,,,,,,,,,,,,,,,,,,,,,,,,,,,,,,,,,,,,,,,,,,,,,,,,,,,,,,,,,,,,,,,,,,,,,,,,,,,,,,,,,,,,,,,,,,,,,,,,,,,,,,,,,,,,,,,,,,,,,,,,,,,,,,,,,,,,,,,,,,,,,,,,,,,,,,,,,,,,,,,,,,,,,,,,,,,,,,,,,,,,,,,,,,,,,,,,,,,,,,,,,,,,,,,,,,,,,,,,,,,,,,,,,,,,,,,,,,,,,,,,,,,,,,,,,,,,,,,,,,,"13,002","7,730",1.68,"7,249","5,753",1.26,"12,986","7,726",1.68,"7,253","5,733",1.27,"12,934","7,686",1.68,"7,243","5,691",1.27,"12,947","7,705",1.68,"7,253","5,694",1.27,"12,967","7,728",1.68,"7,283","5,684",1.28,"12,942","7,723",1.68,"7,288","5,654",1.29,"12,922","7,709",1.68,"7,268","5,654",1.29,"12,883","7,698",1.67,"7,238","5,645",1.28,"12,794","7,647",1.67,"7,189","5,605",1.28,"12,764","7,639",1.67,"7,169","5,595",1.28,"12,760","7,654",1.67,"7,165","5,595",1.28,"12,733","7,638",1.67,"7,129","5,604",1.27,"12,689","7,614",1.67,"7,107","5,582",1.27,"12,717","7,635",1.67,"7,138","5,579",1.28,"12,716","7,645",1.66,"7,142","5,574",1.28,"12,691","7,648",1.66,"7,139","5,552",1.29,"12,699","7,655",1.66,"7,171","5,528",1.3,"12,697","7,664",1.66,"7,159","5,538",1.29,"12,710","7,674",1.66,"7,174","5,536",1.3,"12,700","7,676",1.65,"7,165","5,535",1.29,"12,680","7,675",1.65,"7,135","5,545",1.29,"12,589","7,636",1.65,"7,079","5,510",1.28,"12,553","7,627",1.65,"7,052","5,501",1.28,"12,556","7,645",1.64,"7,058","5,498",1.28,"12,540","7,648",1.64,"7,053","5,487",1.29,"12,422","7,592",1.64,"6,973","5,449",1.28,"12,374","7,567",1.64,"6,965","5,409",1.29,"12,349","7,547",1.64,"6,943","5,406",1.28,"12,334","7,531",1.64,"6,938","5,396",1.29,"12,312","7,519",1.64,"6,935","5,377",1.29,"12,279","7,499",1.64,"6,937","5,342",1.3,"12,271","7,498",1.64,"6,918","5,353",1.29,"12,233","7,488",1.63,"6,906","5,327",1.3,"12,209","7,480",1.63,"6,877","5,332",1.29,"12,171","7,441",1.64,"6,847","5,324",1.29,"12,136","7,435",1.63,"6,828","5,308",1.29,"12,121","7,429",1.63,"6,809","5,312",1.28,"12,073","7,436",1.62,"6,775","5,298",1.28,"12,030","7,404",1.62,"6,744","5,286",1.28,"12,022","7,396",1.63,"6,741","5,281",1.28,"12,018","7,383",1.63,"6,725","5,293",1.27,"12,050","7,397",1.63,"6,754","5,296",1.28,"12,065","7,426",1.62,"6,772","5,293",1.28,"12,072","7,448",1.62,"6,768","5,304",1.28,"12,144","7,534",1.61,"6,824","5,320",1.28,"12,120","7,547",1.61,"6,841","5,279",1.3,"12,121","7,564",1.6,"6,868","5,253",1.31,"12,157","7,599",1.6,"6,902","5,255",1.31,"12,154","7,604",1.6,"6,893","5,261",1.31
경기도 평택시 송북동(4122056000),,,,,,,,,,,,,,,,,,,,,,,,,,,,,,,,,,,,,,,,,,,,,,,,,,,,,,,,,,,,,,,,,,,,,,,,,,,,,,,,,,,,,,,,,,,,,,,,,,,,,,,,,,,,,,,,,,,,,,,,,,,,,,,,,,,,,,,,,,,,,,,,,,,,,,,,,,,,,,,,,,,,,,,,,,,,,,,,,,,,,,,,,,,,,,,,,,,,,,,,,,,,,,,,,,,,,,,,,,,,,,,,,,,,,,,,,,,,,,,,,,,,,,,,,,,,,,,,,,,,,,,,,,,,,,,,,,,,,,,,,,,,,,,,,,,,,,,,,,,,,,,,,,,,,,,,,,,,,,,,,,,,,,,,,,,,,,,,,,,,,,,,,,,,,,,,,,,,,,,,,,,,,,,,,,,,,,,,,,,,,,,,,,,,,,,,,,,,,,,,,,,,,,,,,,,,,,,,,,,,,,,,,,,,,,,,,,"22,133","9,689",2.28,"11,104","11,029",1.01,"22,078","9,677",2.28,"11,076","11,002",1.01,"21,972","9,590",2.29,"11,052","10,920",1.01,"21,950","9,600",2.29,"11,053","10,897",1.01,"21,964","9,613",2.28,"11,057","10,907",1.01,"22,001","9,622",2.29,"11,086","10,915",1.02,"21,966","9,619",2.28,"11,053","10,913",1.01,"21,909","9,634",2.27,"11,039","10,870",1.02,"21,848","9,628",2.27,"10,996","10,852",1.01,"21,810","9,629",2.27,"10,982","10,828",1.01,"21,728","9,602",2.26,"10,954","10,774",1.02,"21,676","9,590",2.26,"10,926","10,750",1.02,"21,574","9,564",2.26,"10,868","10,706",1.02,"21,522","9,571",2.25,"10,825","10,697",1.01,"21,494","9,571",2.25,"10,820","10,674",1.01,"21,442","9,557",2.24,"10,776","10,666",1.01,"21,401","9,564",2.24,"10,756","10,645",1.01,"21,375","9,546",2.24,"10,743","10,632",1.01,"21,345","9,541",2.24,"10,723","10,622",1.01,"21,290","9,548",2.23,"10,720","10,570",1.01,"21,187","9,540",2.22,"10,657","10,530",1.01,"21,057","9,501",2.22,"10,589","10,468",1.01,"21,017","9,502",2.21,"10,579","10,438",1.01,"20,975","9,491",2.21,"10,564","10,411",1.01,"20,909","9,484",2.2,"10,548","10,361",1.02,"20,857","9,476",2.2,"10,514","10,343",1.02,"20,858","9,478",2.2,"10,506","10,352",1.01,"20,774","9,465",2.19,"10,445","10,329",1.01,"20,752","9,460",2.19,"10,441","10,311",1.01,"20,759","9,450",2.2,"10,442","10,317",1.01,"20,725","9,430",2.2,"10,416","10,309",1.01,"20,675","9,427",2.19,"10,380","10,295",1.01,"20,641","9,430",2.19,"10,376","10,265",1.01,"20,607","9,434",2.18,"10,365","10,242",1.01,"20,545","9,436",2.18,"10,324","10,221",1.01,"20,571","9,445",2.18,"10,332","10,239",1.01,"20,495","9,421",2.18,"10,297","10,198",1.01,"20,461","9,410",2.17,"10,278","10,183",1.01,"20,422","9,402",2.17,"10,262","10,160",1.01,"20,355","9,376",2.17,"10,250","10,105",1.01,"20,303","9,345",2.17,"10,237","10,066",1.02,"20,254","9,346",2.17,"10,207","10,047",1.02,"20,278","9,364",2.17,"10,214","10,064",1.01,"20,308","9,393",2.16,"10,231","10,077",1.02,"20,286","9,417",2.15,"10,214","10,072",1.01,"20,329","9,456",2.15,"10,250","10,079",1.02,"20,331","9,477",2.15,"10,263","10,068",1.02,"20,334","9,502",2.14,"10,263","10,071",1.02,"20,325","9,522",2.13,"10,268","10,057",1.02
경기도 평택시 신장1동(4122057000),,,,,,,,,,,,,,,,,,,,,,,,,,,,,,,,,,,,,,,,,,,,,,,,,,,,,,,,,,,,,,,,,,,,,,,,,,,,,,,,,,,,,,,,,,,,,,,,,,,,,,,,,,,,,,,,,,,,,,,,,,,,,,,,,,,,,,,,,,,,,,,,,,,,,,,,,,,,,,,,,,,,,,,,,,,,,,,,,,,,,,,,,,,,,,,,,,,,,,,,,,,,,,,,,,,,,,,,,,,,,,,,,,,,,,,,,,,,,,,,,,,,,,,,,,,,,,,,,,,,,,,,,,,,,,,,,,,,,,,,,,,,,,,,,,,,,,,,,,,,,,,,,,,,,,,,,,,,,,,,,,,,,,,,,,,,,,,,,,,,,,,,,,,,,,,,,,,,,,,,,,,,,,,,,,,,,,,,,,,,,,,,,,,,,,,,,,,,,,,,,,,,,,,,,,,,,,,,,,,,,,,,,,,,,,,,,,"7,181","3,961",1.81,"3,745","3,436",1.09,"7,194","3,970",1.81,"3,751","3,443",1.09,"7,142","3,916",1.82,"3,749","3,393",1.1,"7,141","3,935",1.81,"3,755","3,386",1.11,"7,166","3,938",1.82,"3,775","3,391",1.11,"7,165","3,927",1.82,"3,774","3,391",1.11,"7,134","3,918",1.82,"3,769","3,365",1.12,"7,140","3,917",1.82,"3,771","3,369",1.12,"7,140","3,916",1.82,"3,763","3,377",1.11,"7,172","3,924",1.83,"3,778","3,394",1.11,"7,188","3,933",1.83,"3,792","3,396",1.12,"7,158","3,927",1.82,"3,771","3,387",1.11,"7,126","3,912",1.82,"3,758","3,368",1.12,"7,092","3,886",1.83,"3,734","3,358",1.11,"7,098","3,896",1.82,"3,736","3,362",1.11,"7,098","3,899",1.82,"3,720","3,378",1.1,"7,043","3,879",1.82,"3,689","3,354",1.1,"7,058","3,874",1.82,"3,686","3,372",1.09,"7,016","3,853",1.82,"3,669","3,347",1.1,"6,974","3,843",1.81,"3,645","3,329",1.09,"6,927","3,840",1.8,"3,634","3,293",1.1,"6,912","3,821",1.81,"3,626","3,286",1.1,"6,926","3,810",1.82,"3,627","3,299",1.1,"6,913","3,808",1.82,"3,627","3,286",1.1,"6,892","3,802",1.81,"3,628","3,264",1.11,"6,878","3,793",1.81,"3,609","3,269",1.1,"6,811","3,767",1.81,"3,568","3,243",1.1,"6,813","3,766",1.81,"3,573","3,240",1.1,"6,785","3,753",1.81,"3,548","3,237",1.1,"6,757","3,730",1.81,"3,535","3,222",1.1,"6,745","3,727",1.81,"3,517","3,228",1.09,"6,702","3,714",1.8,"3,500","3,202",1.09,"6,685","3,709",1.8,"3,491","3,194",1.09,"6,693","3,708",1.81,"3,500","3,193",1.1,"6,678","3,699",1.81,"3,489","3,189",1.09,"6,694","3,710",1.8,"3,498","3,196",1.09,"6,702","3,710",1.81,"3,486","3,216",1.08,"6,663","3,698",1.8,"3,457","3,206",1.08,"6,644","3,693",1.8,"3,451","3,193",1.08,"6,640","3,695",1.8,"3,444","3,196",1.08,"6,646","3,710",1.79,"3,434","3,212",1.07,"6,639","3,710",1.79,"3,432","3,207",1.07,"6,651","3,711",1.79,"3,445","3,206",1.07,"6,619","3,709",1.78,"3,424","3,195",1.07,"6,562","3,686",1.78,"3,384","3,178",1.06,"6,568","3,700",1.78,"3,383","3,185",1.06,"6,618","3,735",1.77,"3,421","3,197",1.07,"6,636","3,746",1.77,"3,427","3,209",1.07,"6,628","3,749",1.77,"3,427","3,201",1.07
경기도 평택시 신장2동(4122058000),,,,,,,,,,,,,,,,,,,,,,,,,,,,,,,,,,,,,,,,,,,,,,,,,,,,,,,,,,,,,,,,,,,,,,,,,,,,,,,,,,,,,,,,,,,,,,,,,,,,,,,,,,,,,,,,,,,,,,,,,,,,,,,,,,,,,,,,,,,,,,,,,,,,,,,,,,,,,,,,,,,,,,,,,,,,,,,,,,,,,,,,,,,,,,,,,,,,,,,,,,,,,,,,,,,,,,,,,,,,,,,,,,,,,,,,,,,,,,,,,,,,,,,,,,,,,,,,,,,,,,,,,,,,,,,,,,,,,,,,,,,,,,,,,,,,,,,,,,,,,,,,,,,,,,,,,,,,,,,,,,,,,,,,,,,,,,,,,,,,,,,,,,,,,,,,,,,,,,,,,,,,,,,,,,,,,,,,,,,,,,,,,,,,,,,,,,,,,,,,,,,,,,,,,,,,,,,,,,,,,,,,,,,,,,,,,,"5,692","3,589",1.59,"2,992","2,700",1.11,"5,713","3,593",1.59,"2,999","2,714",1.11,"5,305","3,262",1.63,"2,889","2,416",1.2,"5,313","3,275",1.62,"2,900","2,413",1.2,"5,315","3,263",1.63,"2,910","2,405",1.21,"5,311","3,262",1.63,"2,916","2,395",1.22,"5,295","3,259",1.62,"2,915","2,380",1.22,"5,287","3,261",1.62,"2,909","2,378",1.22,"5,278","3,268",1.62,"2,901","2,377",1.22,"5,250","3,257",1.61,"2,892","2,358",1.23,"5,234","3,263",1.6,"2,883","2,351",1.23,"5,191","3,234",1.61,"2,853","2,338",1.22,"5,141","3,209",1.6,"2,819","2,322",1.21,"5,126","3,194",1.6,"2,800","2,326",1.2,"5,101","3,181",1.6,"2,790","2,311",1.21,"5,108","3,185",1.6,"2,799","2,309",1.21,"5,105","3,172",1.61,"2,793","2,312",1.21,"5,108","3,178",1.61,"2,806","2,302",1.22,"5,107","3,171",1.61,"2,801","2,306",1.21,"5,129","3,181",1.61,"2,818","2,311",1.22,"5,120","3,191",1.6,"2,810","2,310",1.22,"5,121","3,191",1.6,"2,818","2,303",1.22,"5,110","3,184",1.6,"2,814","2,296",1.23,"5,091","3,166",1.61,"2,797","2,294",1.22,"5,068","3,154",1.61,"2,783","2,285",1.22,"5,016","3,123",1.61,"2,760","2,256",1.22,"5,020","3,125",1.61,"2,764","2,256",1.23,"4,986","3,109",1.6,"2,746","2,240",1.23,"4,948","3,092",1.6,"2,723","2,225",1.22,"4,910","3,069",1.6,"2,699","2,211",1.22,"4,893","3,059",1.6,"2,690","2,203",1.22,"4,852","3,039",1.6,"2,665","2,187",1.22,"4,835","3,027",1.6,"2,659","2,176",1.22,"4,822","3,020",1.6,"2,650","2,172",1.22,"4,827","3,027",1.59,"2,666","2,161",1.23,"4,815","3,017",1.6,"2,649","2,166",1.22,"4,787","3,014",1.59,"2,630","2,157",1.22,"4,744","2,987",1.59,"2,611","2,133",1.22,"4,733","2,993",1.58,"2,594","2,139",1.21,"4,701","2,972",1.58,"2,583","2,118",1.22,"4,637","2,929",1.58,"2,542","2,095",1.21,"4,595","2,904",1.58,"2,517","2,078",1.21,"4,577","2,898",1.58,"2,507","2,070",1.21,"4,589","2,915",1.57,"2,519","2,070",1.22,"4,586","2,919",1.57,"2,525","2,061",1.23,"4,585","2,921",1.57,"2,539","2,046",1.24,"4,591","2,934",1.56,"2,550","2,041",1.25,"4,581","2,937",1.56,"2,555","2,026",1.26,"4,599","2,954",1.56,"2,575","2,024",1.27
경기도 평택시 신평동(4122059000),,,,,,,,,,,,,,,,,,,,,,,,,,,,,,,,,,,,,,,,,,,,,,,,,,,,,,,,,,,,,,,,,,,,,,,,,,,,,,,,,,,,,,,,,,,,,,,,,,,,,,,,,,,,,,,,,,,,,,,,,,,,,,,,,,,,,,,,,,,,,,,,,,,,,,,,,,,,,,,,,,,,,,,,,,,,,,,,,,,,,,,,,,,,,,,,,,,,,,,,,,,,,,,,,,,,,,,,,,,,,,,,,,,,,,,,,,,,,,,,,,,,,,,,,,,,,,,,,,,,,,,,,,,,,,,,,,,,,,,,,,,,,,,,,,,,,,,,,,,,,,,,,,,,,,,,,,,,,,,,,,,,,,,,,,,,,,,,,,,,,,,,,,,,,,,,,,,,,,,,,,,,,,,,,,,,,,,,,,,,,,,,,,,,,,,,,,,,,,,,,,,,,,,,,,,,,,,,,,,,,,,,,,,,,,,,,,"22,527","12,628",1.78,"11,814","10,713",1.1,"22,359","12,536",1.78,"11,710","10,649",1.1,"22,061","12,396",1.78,"11,562","10,499",1.1,"21,719","12,190",1.78,"11,379","10,340",1.1,"21,346","11,984",1.78,"11,193","10,153",1.1,"21,253","11,913",1.78,"11,158","10,095",1.11,"21,177","11,883",1.78,"11,144","10,033",1.11,"21,091","11,860",1.78,"11,102","9,989",1.11,"21,033","11,879",1.77,"11,079","9,954",1.11,"20,959","11,843",1.77,"11,038","9,921",1.11,"20,914","11,838",1.77,"11,034","9,880",1.12,"20,841","11,777",1.77,"11,016","9,825",1.12,"20,742","11,760",1.76,"10,983","9,759",1.13,"20,673","11,756",1.76,"10,955","9,718",1.13,"20,636","11,712",1.76,"10,933","9,703",1.13,"20,615","11,694",1.76,"10,933","9,682",1.13,"20,592","11,686",1.76,"10,934","9,658",1.13,"20,563","11,684",1.76,"10,936","9,627",1.14,"20,521","11,650",1.76,"10,929","9,592",1.14,"20,509","11,676",1.76,"10,913","9,596",1.14,"20,490","11,679",1.75,"10,907","9,583",1.14,"20,392","11,653",1.75,"10,860","9,532",1.14,"20,289","11,601",1.75,"10,812","9,477",1.14,"20,219","11,568",1.75,"10,771","9,448",1.14,"20,141","11,531",1.75,"10,733","9,408",1.14,"20,067","11,499",1.75,"10,682","9,385",1.14,"20,030","11,461",1.75,"10,684","9,346",1.14,"19,979","11,440",1.75,"10,656","9,323",1.14,"19,886","11,385",1.75,"10,592","9,294",1.14,"19,868","11,382",1.75,"10,561","9,307",1.13,"19,801","11,341",1.75,"10,530","9,271",1.14,"19,751","11,341",1.74,"10,516","9,235",1.14,"19,776","11,354",1.74,"10,519","9,257",1.14,"19,663","11,302",1.74,"10,483","9,180",1.14,"19,577","11,274",1.74,"10,427","9,150",1.14,"19,532","11,265",1.73,"10,410","9,122",1.14,"19,463","11,227",1.73,"10,370","9,093",1.14,"19,435","11,211",1.73,"10,352","9,083",1.14,"19,380","11,194",1.73,"10,320","9,060",1.14,"19,293","11,151",1.73,"10,275","9,018",1.14,"19,240","11,111",1.73,"10,248","8,992",1.14,"19,178","11,097",1.73,"10,219","8,959",1.14,"19,231","11,147",1.73,"10,248","8,983",1.14,"19,246","11,179",1.72,"10,272","8,974",1.14,"19,298","11,262",1.71,"10,309","8,989",1.15,"19,302","11,302",1.71,"10,331","8,971",1.15,"19,374","11,377",1.7,"10,375","8,999",1.15,"19,418","11,417",1.7,"10,394","9,024",1.15,"19,465","11,457",1.7,"10,416","9,049",1.15
경기도 평택시 원평동(4122060000),,,,,,,,,,,,,,,,,,,,,,,,,,,,,,,,,,,,,,,,,,,,,,,,,,,,,,,,,,,,,,,,,,,,,,,,,,,,,,,,,,,,,,,,,,,,,,,,,,,,,,,,,,,,,,,,,,,,,,,,,,,,,,,,,,,,,,,,,,,,,,,,,,,,,,,,,,,,,,,,,,,,,,,,,,,,,,,,,,,,,,,,,,,,,,,,,,,,,,,,,,,,,,,,,,,,,,,,,,,,,,,,,,,,,,,,,,,,,,,,,,,,,,,,,,,,,,,,,,,,,,,,,,,,,,,,,,,,,,,,,,,,,,,,,,,,,,,,,,,,,,,,,,,,,,,,,,,,,,,,,,,,,,,,,,,,,,,,,,,,,,,,,,,,,,,,,,,,,,,,,,,,,,,,,,,,,,,,,,,,,,,,,,,,,,,,,,,,,,,,,,,,,,,,,,,,,,,,,,,,,,,,,,,,,,,,,,"13,379","7,061",1.89,"7,047","6,332",1.11,"13,417","7,084",1.89,"7,075","6,342",1.12,"13,409","7,075",1.9,"7,086","6,323",1.12,"13,418","7,077",1.9,"7,092","6,326",1.12,"13,489","7,103",1.9,"7,140","6,349",1.12,"13,430","7,065",1.9,"7,118","6,312",1.13,"13,422","7,062",1.9,"7,104","6,318",1.12,"13,396","7,033",1.9,"7,070","6,326",1.12,"13,366","7,012",1.91,"7,058","6,308",1.12,"13,391","7,031",1.9,"7,072","6,319",1.12,"13,416","7,062",1.9,"7,086","6,330",1.12,"13,397","7,067",1.9,"7,067","6,330",1.12,"13,357","7,085",1.89,"7,052","6,305",1.12,"13,304","7,076",1.88,"7,016","6,288",1.12,"13,328","7,088",1.88,"7,028","6,300",1.12,"13,313","7,093",1.88,"7,014","6,299",1.11,"13,305","7,091",1.88,"7,009","6,296",1.11,"13,296","7,091",1.88,"7,010","6,286",1.12,"13,293","7,096",1.87,"7,022","6,271",1.12,"13,284","7,104",1.87,"7,019","6,265",1.12,"13,220","7,091",1.86,"6,979","6,241",1.12,"13,240","7,112",1.86,"7,005","6,235",1.12,"13,226","7,120",1.86,"6,975","6,251",1.12,"13,244","7,137",1.86,"6,983","6,261",1.12,"13,199","7,123",1.85,"6,962","6,237",1.12,"13,153","7,117",1.85,"6,938","6,215",1.12,"13,107","7,108",1.84,"6,929","6,178",1.12,"13,032","7,072",1.84,"6,897","6,135",1.12,"12,995","7,060",1.84,"6,884","6,111",1.13,"12,967","7,045",1.84,"6,875","6,092",1.13,"12,965","7,044",1.84,"6,888","6,077",1.13,"12,945","7,051",1.84,"6,889","6,056",1.14,"12,895","7,035",1.83,"6,879","6,016",1.14,"12,787","6,993",1.83,"6,814","5,973",1.14,"12,735","6,971",1.83,"6,783","5,952",1.14,"12,727","6,966",1.83,"6,781","5,946",1.14,"12,711","6,960",1.83,"6,787","5,924",1.15,"12,684","6,956",1.82,"6,765","5,919",1.14,"12,648","6,929",1.83,"6,736","5,912",1.14,"12,575","6,895",1.82,"6,690","5,885",1.14,"12,481","6,849",1.82,"6,648","5,833",1.14,"12,418","6,815",1.82,"6,612","5,806",1.14,"12,424","6,828",1.82,"6,628","5,796",1.14,"12,492","6,874",1.82,"6,665","5,827",1.14,"12,542","6,941",1.81,"6,696","5,846",1.15,"12,605","7,002",1.8,"6,752","5,853",1.15,"12,612","7,008",1.8,"6,750","5,862",1.15,"12,627","7,010",1.8,"6,766","5,861",1.15,"12,654","7,037",1.8,"6,778","5,876",1.15
경기도 평택시 통복동(4122061000),,,,,,,,,,,,,,,,,,,,,,,,,,,,,,,,,,,,,,,,,,,,,,,,,,,,,,,,,,,,,,,,,,,,,,,,,,,,,,,,,,,,,,,,,,,,,,,,,,,,,,,,,,,,,,,,,,,,,,,,,,,,,,,,,,,,,,,,,,,,,,,,,,,,,,,,,,,,,,,,,,,,,,,,,,,,,,,,,,,,,,,,,,,,,,,,,,,,,,,,,,,,,,,,,,,,,,,,,,,,,,,,,,,,,,,,,,,,,,,,,,,,,,,,,,,,,,,,,,,,,,,,,,,,,,,,,,,,,,,,,,,,,,,,,,,,,,,,,,,,,,,,,,,,,,,,,,,,,,,,,,,,,,,,,,,,,,,,,,,,,,,,,,,,,,,,,,,,,,,,,,,,,,,,,,,,,,,,,,,,,,,,,,,,,,,,,,,,,,,,,,,,,,,,,,,,,,,,,,,,,,,,,,,,,,,,,,"4,006","2,425",1.65,"2,114","1,892",1.12,"3,993","2,423",1.65,"2,110","1,883",1.12,"3,989","2,417",1.65,"2,103","1,886",1.12,"3,977","2,410",1.65,"2,109","1,868",1.13,"3,984","2,412",1.65,"2,114","1,870",1.13,"3,973","2,407",1.65,"2,106","1,867",1.13,"3,969","2,407",1.65,"2,104","1,865",1.13,"3,969","2,414",1.64,"2,102","1,867",1.13,"3,977","2,425",1.64,"2,099","1,878",1.12,"3,972","2,421",1.64,"2,097","1,875",1.12,"3,950","2,408",1.64,"2,087","1,863",1.12,"3,934","2,401",1.64,"2,068","1,866",1.11,"3,914","2,393",1.64,"2,060","1,854",1.11,"3,900","2,391",1.63,"2,057","1,843",1.12,"3,883","2,379",1.63,"2,046","1,837",1.11,"3,865","2,374",1.63,"2,041","1,824",1.12,"3,850","2,369",1.63,"2,039","1,811",1.13,"3,818","2,348",1.63,"2,023","1,795",1.13,"3,783","2,337",1.62,"2,010","1,773",1.13,"3,780","2,338",1.62,"2,006","1,774",1.13,"3,772","2,341",1.61,"1,999","1,773",1.13,"3,753","2,329",1.61,"1,993","1,760",1.13,"3,733","2,319",1.61,"1,984","1,749",1.13,"3,714","2,321",1.6,"1,979","1,735",1.14,"3,710","2,320",1.6,"1,973","1,737",1.14,"3,748","2,348",1.6,"1,996","1,752",1.14,"4,454","2,676",1.66,"2,386","2,068",1.15,"5,019","2,913",1.72,"2,658","2,361",1.13,"5,187","2,980",1.74,"2,736","2,451",1.12,"5,272","3,006",1.75,"2,769","2,503",1.11,"5,375","3,024",1.78,"2,805","2,570",1.09,"5,404","3,034",1.78,"2,820","2,584",1.09,"5,448","3,054",1.78,"2,841","2,607",1.09,"5,850","3,232",1.81,"3,070","2,780",1.1,"6,169","3,354",1.84,"3,237","2,932",1.1,"6,372","3,441",1.85,"3,334","3,038",1.1,"6,444","3,471",1.86,"3,364","3,080",1.09,"6,549","3,514",1.86,"3,419","3,130",1.09,"6,590","3,526",1.87,"3,447","3,143",1.1,"6,606","3,527",1.87,"3,453","3,153",1.1,"6,604","3,526",1.87,"3,452","3,152",1.1,"6,610","3,535",1.87,"3,450","3,160",1.09,"6,647","3,540",1.88,"3,466","3,181",1.09,"6,684","3,552",1.88,"3,484","3,200",1.09,"6,725","3,572",1.88,"3,516","3,209",1.1,"6,725","3,573",1.88,"3,515","3,210",1.1,"6,737","3,580",1.88,"3,520","3,217",1.09,"6,745","3,588",1.88,"3,533","3,212",1.1,"6,768","3,595",1.88,"3,539","3,229",1.1
경기도 평택시 비전1동(4122062000),,,,,,,,,,,,,,,,,,,,,,,,,,,,,,,,,,,,,,,,,,,,,,,,,,,,,,,,,,,,,,,,,,,,,,,,,,,,,,,,,,,,,,,,,,,,,,,,,,,,,,,,,,,,,,,,,,,,,,,,,,,,,,,,,,,,,,,,,,,,,,,,,,,,,,,,,,,,,,,,,,,,,,,,,,,,,,,,,,,,,,,,,,,,,,,,,,,,,,,,,,,,,,,,,,,,,,,,,,,,,,,,,,,,,,,,,,,,,,,,,,,,,,,,,,,,,,,,,,,,,,,,,,,,,,,,,,,,,,,,,,,,,,,,,,,,,,,,,,,,,,,,,,,,,,,,,,,,,,,,,,,,,,,,,,,,,,,,,,,,,,,,,,,,,,,,,,,,,,,,,,,,,,,,,,,,,,,,,,,,,,,,,,,,,,,,,,,,,,,,,,,,,,,,,,,,,,,,,,,,,,,,,,,,,,,,,,"51,566","21,660",2.38,"25,956","25,610",1.01,"51,640","21,681",2.38,"25,984","25,656",1.01,"51,683","21,696",2.38,"26,006","25,677",1.01,"51,772","21,738",2.38,"26,052","25,720",1.01,"51,920","21,797",2.38,"26,109","25,811",1.01,"52,015","21,859",2.38,"26,141","25,874",1.01,"51,985","21,875",2.38,"26,124","25,861",1.01,"51,853","21,855",2.37,"26,054","25,799",1.01,"51,650","21,810",2.37,"25,966","25,684",1.01,"51,609","21,803",2.37,"25,952","25,657",1.01,"51,734","21,876",2.36,"26,026","25,708",1.01,"51,767","21,872",2.37,"26,056","25,711",1.01,"51,572","21,816",2.36,"25,953","25,619",1.01,"51,479","21,820",2.36,"25,906","25,573",1.01,"51,587","21,939",2.35,"25,932","25,655",1.01,"51,593","21,951",2.35,"25,918","25,675",1.01,"51,537","21,913",2.35,"25,873","25,664",1.01,"51,603","22,006",2.34,"25,913","25,690",1.01,"51,698","22,086",2.34,"25,971","25,727",1.01,"51,708","22,153",2.33,"25,943","25,765",1.01,"51,603","22,174",2.33,"25,898","25,705",1.01,"51,560","22,193",2.32,"25,873","25,687",1.01,"51,528","22,187",2.32,"25,845","25,683",1.01,"51,445","22,167",2.32,"25,809","25,636",1.01,"51,330","22,132",2.32,"25,738","25,592",1.01,"51,234","22,114",2.32,"25,677","25,557",1.0,"51,120","22,078",2.32,"25,613","25,507",1.0,"51,031","22,039",2.32,"25,562","25,469",1.0,"50,915","21,976",2.32,"25,492","25,423",1.0,"50,881","21,972",2.32,"25,472","25,409",1.0,"50,869","21,941",2.32,"25,452","25,417",1.0,"50,802","21,939",2.32,"25,424","25,378",1.0,"50,747","21,984",2.31,"25,385","25,362",1.0,"50,623","21,956",2.31,"25,306","25,317",1.0,"50,425","21,905",2.3,"25,195","25,230",1.0,"50,320","21,885",2.3,"25,169","25,151",1.0,"50,246","21,862",2.3,"25,122","25,124",1.0,"50,185","21,873",2.29,"25,078","25,107",1.0,"50,190","21,938",2.29,"25,081","25,109",1.0,"50,264","21,999",2.28,"25,126","25,138",1.0,"50,220","22,000",2.28,"25,095","25,125",1.0,"50,235","22,055",2.28,"25,103","25,132",1.0,"50,385","22,136",2.28,"25,165","25,220",1.0,"50,436","22,217",2.27,"25,198","25,238",1.0,"50,394","22,245",2.27,"25,193","25,201",1.0,"50,381","22,309",2.26,"25,211","25,170",1.0,"50,353","22,336",2.25,"25,180","25,173",1.0,"50,406","22,427",2.25,"25,211","25,195",1.0,"50,428","22,451",2.25,"25,229","25,199",1.0
경기도 평택시 비전2동(4122063000),,,,,,,,,,,,,,,,,,,,,,,,,,,,,,,,,,,,,,,,,,,,,,,,,,,,,,,,,,,,,,,,,,,,,,,,,,,,,,,,,,,,,,,,,,,,,,,,,,,,,,,,,,,,,,,,,,,,,,,,,,,,,,,,,,,,,,,,,,,,,,,,,,,,,,,,,,,,,,,,,,,,,,,,,,,,,,,,,,,,,,,,,,,,,,,,,,,,,,,,,,,,,,,,,,,,,,,,,,,,,,,,,,,,,,,,,,,,,,,,,,,,,,,,,,,,,,,,,,,,,,,,,,,,,,,,,,,,,,,,,,,,,,,,,,,,,,,,,,,,,,,,,,,,,,,,,,,,,,,,,,,,,,,,,,,,,,,,,,,,,,,,,,,,,,,,,,,,,,,,,,,,,,,,,,,,,,,,,,,,,,,,,,,,,,,,,,,,,,,,,,,,,,,,,,,,,,,,,,,,,,,,,,,,,,,,,,"56,754","22,611",2.51,"28,178","28,576",0.99,"56,780","22,651",2.51,"28,182","28,598",0.99,"57,006","22,746",2.51,"28,297","28,709",0.99,"57,766","23,059",2.51,"28,659","29,107",0.98,"58,138","23,183",2.51,"28,851","29,287",0.99,"58,221","23,209",2.51,"28,865","29,356",0.98,"58,278","23,195",2.51,"28,900","29,378",0.98,"58,191","23,215",2.51,"28,846","29,345",0.98,"58,069","23,224",2.5,"28,775","29,294",0.98,"58,071","23,219",2.5,"28,767","29,304",0.98,"57,989","23,194",2.5,"28,719","29,270",0.98,"57,974","23,177",2.5,"28,726","29,248",0.98,"57,803","23,123",2.5,"28,634","29,169",0.98,"57,698","23,115",2.5,"28,575","29,123",0.98,"57,692","23,098",2.5,"28,560","29,132",0.98,"57,694","23,095",2.5,"28,564","29,130",0.98,"57,673","23,126",2.49,"28,540","29,133",0.98,"57,657","23,126",2.49,"28,531","29,126",0.98,"57,647","23,112",2.49,"28,504","29,143",0.98,"57,568","23,111",2.49,"28,466","29,102",0.98,"57,413","23,081",2.49,"28,396","29,017",0.98,"57,345","23,063",2.49,"28,342","29,003",0.98,"57,307","23,074",2.48,"28,342","28,965",0.98,"57,228","23,054",2.48,"28,299","28,929",0.98,"57,137","23,038",2.48,"28,247","28,890",0.98,"57,064","23,014",2.48,"28,203","28,861",0.98,"56,920","22,980",2.48,"28,117","28,803",0.98,"56,828","22,945",2.48,"28,051","28,777",0.97,"56,711","22,908",2.48,"27,998","28,713",0.98,"56,637","22,884",2.47,"27,964","28,673",0.98,"56,628","22,884",2.47,"27,975","28,653",0.98,"56,450","22,844",2.47,"27,845","28,605",0.97,"56,367","22,826",2.47,"27,807","28,560",0.97,"56,268","22,792",2.47,"27,785","28,483",0.98,"56,199","22,776",2.47,"27,722","28,477",0.97,"56,119","22,773",2.46,"27,661","28,458",0.97,"56,049","22,739",2.46,"27,625","28,424",0.97,"56,017","22,738",2.46,"27,603","28,414",0.97,"55,978","22,730",2.46,"27,587","28,391",0.97,"55,909","22,707",2.46,"27,541","28,368",0.97,"55,858","22,685",2.46,"27,511","28,347",0.97,"55,852","22,710",2.46,"27,491","28,361",0.97,"55,845","22,718",2.46,"27,497","28,348",0.97,"55,853","22,775",2.45,"27,499","28,354",0.97,"55,820","22,821",2.45,"27,465","28,355",0.97,"55,740","22,866",2.44,"27,421","28,319",0.97,"55,819","22,897",2.44,"27,473","28,346",0.97,"55,821","22,922",2.44,"27,482","28,339",0.97,"55,860","22,953",2.43,"27,512","28,348",0.97
경기도 평택시 용이동(4122063500),,,,,,,,,,,,,,,,,,,,,,,,,,,,,,,,,,,,,,,,,,,,,,,,,,,,,,,,,,,,,,,,,,,,,,,,,,,,,,,,,,,,,,,,,,,,,,,,,,,,,,,,,,,,,,,,,,,,,,,,,,,,,,,,,,,,,,,,,,,,,,,,,,,,,,,,,,,,,,,,,,,,,,,,,,,,,,,,,,,,,,,,,,,,,,,,,,,,,,,,,,,,,,,,,,,,,,,,,,,,,,,,,,,,,,,,,,,,,,,,,,,,,,,,,,,,,,,,,,,,,,,,,,,,,,,,,,,,,,,,,,,,,,,,,,,,,,,,,,,,,,,,,,,,,,,,,,,,,,,,,,,,,,,,,,,,,,,,,,,,,,,,,,,,,,,,,,,,,,,,,,,,,,,,,,,,,,,,,,,,,,,,,,,,,,,,,,,,,,,,,,,,,,,,,,,,,,,,,,,,,,,,,,,,,,,,,,"25,986","11,084",2.34,"13,699","12,287",1.11,"26,005","11,116",2.34,"13,727","12,278",1.12,"25,920","11,045",2.35,"13,675","12,245",1.12,"25,911","11,051",2.34,"13,677","12,234",1.12,"25,926","11,063",2.34,"13,684","12,242",1.12,"25,958","11,075",2.34,"13,735","12,223",1.12,"25,886","11,051",2.34,"13,694","12,192",1.12,"25,849","11,071",2.33,"13,694","12,155",1.13,"25,851","11,103",2.33,"13,682","12,169",1.12,"25,806","11,122",2.32,"13,665","12,141",1.13,"25,898","11,154",2.32,"13,722","12,176",1.13,"25,898","11,165",2.32,"13,712","12,186",1.13,"25,881","11,187",2.31,"13,710","12,171",1.13,"25,886","11,191",2.31,"13,712","12,174",1.13,"25,879","11,186",2.31,"13,711","12,168",1.13,"25,864","11,162",2.32,"13,714","12,150",1.13,"25,852","11,161",2.32,"13,726","12,126",1.13,"25,882","11,180",2.32,"13,744","12,138",1.13,"25,852","11,198",2.31,"13,732","12,120",1.13,"25,871","11,251",2.3,"13,738","12,133",1.13,"25,869","11,276",2.29,"13,728","12,141",1.13,"25,872","11,268",2.3,"13,726","12,146",1.13,"25,895","11,287",2.29,"13,752","12,143",1.13,"25,903","11,316",2.29,"13,766","12,137",1.13,"25,861","11,299",2.29,"13,753","12,108",1.14,"25,799","11,304",2.28,"13,713","12,086",1.13,"25,782","11,303",2.28,"13,708","12,074",1.14,"25,826","11,338",2.28,"13,743","12,083",1.14,"25,827","11,341",2.28,"13,736","12,091",1.14,"25,758","11,312",2.28,"13,704","12,054",1.14,"25,679","11,282",2.28,"13,685","11,994",1.14,"25,621","11,279",2.27,"13,692","11,929",1.15,"25,624","11,292",2.27,"13,688","11,936",1.15,"25,563","11,282",2.27,"13,654","11,909",1.15,"25,521","11,278",2.26,"13,648","11,873",1.15,"25,492","11,274",2.26,"13,639","11,853",1.15,"25,458","11,266",2.26,"13,610","11,848",1.15,"25,398","11,233",2.26,"13,551","11,847",1.14,"25,429","11,264",2.26,"13,572","11,857",1.14,"25,453","11,262",2.26,"13,563","11,890",1.14,"25,459","11,268",2.26,"13,564","11,895",1.14,"25,491","11,273",2.26,"13,591","11,900",1.14,"25,422","11,258",2.26,"13,563","11,859",1.14,"25,420","11,252",2.26,"13,535","11,885",1.14,"25,462","11,287",2.26,"13,567","11,895",1.14,"25,412","11,273",2.25,"13,543","11,869",1.14,"25,398","11,291",2.25,"13,554","11,844",1.14,"25,412","11,302",2.25,"13,568","11,844",1.15,"25,428","11,310",2.25,"13,583","11,845",1.15
경기도 평택시 세교동(4122064000),,,,,,,,,,,,,,,,,,,,,,,,,,,,,,,,,,,,,,,,,,,,,,,,,,,,,,,,,,,,,,,,,,,,,,,,,,,,,,,,,,,,,,,,,,,,,,,,,,,,,,,,,,,,,,,,,,,,,,,,,,,,,,,,,,,,,,,,,,,,,,,,,,,,,,,,,,,,,,,,,,,,,,,,,,,,,,,,,,,,,,,,,,,,,,,,,,,,,,,,,,,,,,,,,,,,,,,,,,,,,,,,,,,,,,,,,,,,,,,,,,,,,,,,,,,,,,,,,,,,,,,,,,,,,,,,,,,,,,,,,,,,,,,,,,,,,,,,,,,,,,,,,,,,,,,,,,,,,,,,,,,,,,,,,,,,,,,,,,,,,,,,,,,,,,,,,,,,,,,,,,,,,,,,,,,,,,,,,,,,,,,,,,,,,,,,,,,,,,,,,,,,,,,,,,,,,,,,,,,,,,,,,,,,,,,,,,"32,016","13,629",2.35,"16,194","15,822",1.02,"32,575","13,879",2.35,"16,499","16,076",1.03,"32,864","14,003",2.35,"16,650","16,214",1.03,"33,078","14,078",2.35,"16,743","16,335",1.02,"33,309","14,138",2.36,"16,861","16,448",1.03,"33,675","14,288",2.36,"17,044","16,631",1.02,"33,982","14,420",2.36,"17,200","16,782",1.02,"34,261","14,541",2.36,"17,343","16,918",1.03,"34,401","14,638",2.35,"17,413","16,988",1.03,"34,455","14,696",2.34,"17,452","17,003",1.03,"34,548","14,756",2.34,"17,496","17,052",1.03,"34,612","14,780",2.34,"17,521","17,091",1.03,"36,060","15,259",2.36,"18,274","17,786",1.03,"37,033","15,570",2.38,"18,757","18,276",1.03,"37,313","15,668",2.38,"18,903","18,410",1.03,"37,488","15,720",2.38,"18,987","18,501",1.03,"37,568","15,771",2.38,"19,043","18,525",1.03,"37,632","15,794",2.38,"19,069","18,563",1.03,"37,720","15,835",2.38,"19,097","18,623",1.03,"37,720","15,866",2.38,"19,085","18,635",1.02,"37,723","15,881",2.38,"19,081","18,642",1.02,"37,679","15,861",2.38,"19,057","18,622",1.02,"37,678","15,868",2.37,"19,052","18,626",1.02,"37,701","15,886",2.37,"19,067","18,634",1.02,"37,684","15,889",2.37,"19,055","18,629",1.02,"37,669","15,893",2.37,"19,072","18,597",1.03,"37,579","15,880",2.37,"19,025","18,554",1.03,"37,501","15,866",2.36,"18,988","18,513",1.03,"37,434","15,847",2.36,"18,947","18,487",1.02,"37,428","15,862",2.36,"18,938","18,490",1.02,"37,431","15,861",2.36,"18,929","18,502",1.02,"37,425","15,892",2.35,"18,924","18,501",1.02,"37,407","15,913",2.35,"18,912","18,495",1.02,"37,349","15,891",2.35,"18,876","18,473",1.02,"37,313","15,915",2.34,"18,876","18,437",1.02,"37,320","15,931",2.34,"18,875","18,445",1.02,"37,326","15,951",2.34,"18,864","18,462",1.02,"37,255","15,949",2.34,"18,826","18,429",1.02,"37,323","15,996",2.33,"18,867","18,456",1.02,"37,300","15,988",2.33,"18,854","18,446",1.02,"37,302","15,990",2.33,"18,863","18,439",1.02,"37,302","16,024",2.33,"18,895","18,407",1.03,"37,325","16,042",2.33,"18,916","18,409",1.03,"37,376","16,083",2.32,"18,935","18,441",1.03,"37,432","16,147",2.32,"18,979","18,453",1.03,"37,407","16,169",2.31,"18,987","18,420",1.03,"37,403","16,174",2.31,"19,002","18,401",1.03,"37,460","16,204",2.31,"19,056","18,404",1.04,"37,508","16,243",2.31,"19,083","18,425",1.04
경기도 평택시 동삭동(4122065000),,,,,,,,,,,,,,,,,,,,,,,,,,,,,,,,,,,,,,,,,,,,,,,,,,,,,,,,,,,,,,,,,,,,,,,,,,,,,,,,,,,,,,,,,,,,,,,,,,,,,,,,,,,,,,,,,,,,,,,,,,,,,,,,,,,,,,,,,,,,,,,,,,,,,,,,,,,,,,,,,,,,,,,,,,,,,,,,,,,,,,,,,,,,,,,,,,,,,,,,,,,,,,,,,,,,,,,,,,,,,,,,,,,,,,,,,,,,,,,,,,,,,,,,,,,,,,,,,,,,,,,,,,,,,,,,,,,,,,,,,,,,,,,,,,,,,,,,,,,,,,,,,,,,,,,,,,,,,,,,,,,,,,,,,,,,,,,,,,,,,,,,,,,,,,,,,,,,,,,,,,,,,,,,,,,,,,,,,,,,,,,,,,,,,,,,,,,,,,,,,,,,,,,,,,,,,,,,,,,,,,,,,,,,,,,,,,"37,486","15,912",2.36,"19,431","18,055",1.08,"37,514","15,943",2.35,"19,480","18,034",1.08,"37,613","15,982",2.35,"19,516","18,097",1.08,"37,629","16,002",2.35,"19,567","18,062",1.08,"37,705","16,037",2.35,"19,638","18,067",1.09,"37,956","16,165",2.35,"19,763","18,193",1.09,"39,262","16,750",2.34,"20,470","18,792",1.09,"40,236","17,202",2.34,"21,009","19,227",1.09,"40,572","17,377",2.33,"21,159","19,413",1.09,"40,793","17,483",2.33,"21,276","19,517",1.09,"40,934","17,527",2.34,"21,325","19,609",1.09,"41,105","17,577",2.34,"21,411","19,694",1.09,"41,260","17,653",2.34,"21,505","19,755",1.09,"41,290","17,649",2.34,"21,497","19,793",1.09,"41,292","17,668",2.34,"21,526","19,766",1.09,"41,397","17,661",2.34,"21,555","19,842",1.09,"41,411","17,665",2.34,"21,558","19,853",1.09,"41,544","17,717",2.34,"21,624","19,920",1.09,"41,647","17,723",2.35,"21,657","19,990",1.08,"41,731","17,776",2.35,"21,699","20,032",1.08,"41,677","17,787",2.34,"21,668","20,009",1.08,"41,649","17,796",2.34,"21,670","19,979",1.08,"41,767","17,882",2.34,"21,718","20,049",1.08,"41,920","17,978",2.33,"21,822","20,098",1.09,"42,024","18,075",2.32,"21,895","20,129",1.09,"42,018","18,121",2.32,"21,892","20,126",1.09,"42,024","18,170",2.31,"21,917","20,107",1.09,"42,039","18,202",2.31,"21,949","20,090",1.09,"42,127","18,242",2.31,"21,993","20,134",1.09,"42,252","18,299",2.31,"22,071","20,181",1.09,"42,398","18,381",2.31,"22,173","20,225",1.1,"42,567","18,512",2.3,"22,256","20,311",1.1,"42,610","18,574",2.29,"22,289","20,321",1.1,"42,649","18,655",2.29,"22,314","20,335",1.1,"42,680","18,730",2.28,"22,336","20,344",1.1,"42,817","18,802",2.28,"22,364","20,453",1.09,"42,996","18,915",2.27,"22,461","20,535",1.09,"43,072","18,962",2.27,"22,502","20,570",1.09,"43,134","19,037",2.27,"22,533","20,601",1.09,"43,202","19,083",2.26,"22,590","20,612",1.1,"43,204","19,077",2.26,"22,605","20,599",1.1,"43,179","19,077",2.26,"22,590","20,589",1.1,"43,213","19,058",2.27,"22,592","20,621",1.1,"43,352","19,101",2.27,"22,669","20,683",1.1,"43,352","19,102",2.27,"22,700","20,652",1.1,"43,329","19,087",2.27,"22,691","20,638",1.1,"43,353","19,063",2.27,"22,699","20,654",1.1,"43,388","19,074",2.27,"22,735","20,653",1.1,"43,468","19,076",2.28,"22,800","20,668",1.1
경기도 평택시 고덕동(4122066000),,,,,,,,,,,,,,,,,,,,,,,,,,,,,,,,,,,,,,,,,,,,,,,,,,,,,,,,,,,,,,,,,,,,,,,,,,,,,,,,,,,,,,,,,,,,,,,,,,,,,,,,,,,,,,,,,,,,,,,,,,,,,,,,,,,,,,,,,,,,,,,,,,,,,,,,,,,,,,,,,,,,,,,,,,,,,,,,,,,,,,,,,,,,,,,,,,,,,,,,,,,,,,,,,,,,,,,,,,,,,,,,,,,,,,,,,,,,,,,,,,,,,,,,,,,,,,,,,,,,,,,,,,,,,,,,,,,,,,,,,,,,,,,,,,,,,,,,,,,,,,,,,,,,,,,,,,,,,,,,,,,,,,,,,,,,,,,,,,,,,,,,,,,,,,,,,,,,,,,,,,,,,,,,,,,,,,,,,,,,,,,,,,,,,,,,,,,,,,,,,,,,,,,,,,,,,,,,,,,,,,,,,,,,,,,,,,"25,394","11,056",2.3,"13,373","12,021",1.11,"26,368","11,676",2.26,"13,934","12,434",1.12,"27,257","12,383",2.2,"14,478","12,779",1.13,"27,925","12,839",2.18,"14,833","13,092",1.13,"28,409","13,145",2.16,"15,114","13,295",1.14,"29,205","13,588",2.15,"15,545","13,660",1.14,"29,687","13,822",2.15,"15,830","13,857",1.14,"31,220","14,384",2.17,"16,615","14,605",1.14,"33,372","15,282",2.18,"17,793","15,579",1.14,"34,633","15,892",2.18,"18,500","16,133",1.15,"35,328","16,281",2.17,"18,890","16,438",1.15,"36,800","17,113",2.15,"19,719","17,081",1.15,"37,833","17,672",2.14,"20,271","17,562",1.15,"38,456","18,021",2.13,"20,644","17,812",1.16,"39,132","18,422",2.12,"21,012","18,120",1.16,"40,301","18,933",2.13,"21,639","18,662",1.16,"41,817","19,517",2.14,"22,413","19,404",1.16,"42,658","19,881",2.15,"22,868","19,790",1.16,"43,606","20,276",2.15,"23,363","20,243",1.15,"44,055","20,430",2.16,"23,600","20,455",1.15,"44,320","20,558",2.16,"23,713","20,607",1.15,"44,618","20,710",2.15,"23,887","20,731",1.15,"44,839","20,784",2.16,"23,990","20,849",1.15,"45,680","21,059",2.17,"24,401","21,279",1.15,"46,794","21,450",2.18,"24,991","21,803",1.15,"48,125","21,928",2.19,"25,631","22,494",1.14,"49,427","22,391",2.21,"26,286","23,141",1.14,"50,409","22,771",2.21,"26,812","23,597",1.14,"51,748","23,335",2.22,"27,482","24,266",1.13,"52,985","23,851",2.22,"28,111","24,874",1.13,"53,678","24,074",2.23,"28,438","25,240",1.13,"54,762","24,455",2.24,"28,973","25,789",1.12,"55,585","24,783",2.24,"29,409","26,176",1.12,"56,812","25,260",2.25,"30,003","26,809",1.12,"58,376","25,866",2.26,"30,816","27,560",1.12,"59,104","26,152",2.26,"31,177","27,927",1.12,"59,565","26,296",2.27,"31,412","28,153",1.12,"60,408","26,546",2.28,"31,828","28,580",1.11,"61,184","26,817",2.28,"32,226","28,958",1.11,"62,250","27,296",2.28,"32,759","29,491",1.11,"63,537","28,051",2.27,"33,532","30,005",1.12,"64,455","28,615",2.25,"34,062","30,393",1.12,"65,203","28,951",2.25,"34,476","30,727",1.12,"65,695","29,175",2.25,"34,721","30,974",1.12,"65,923","29,263",2.25,"34,849","31,074",1.12,"66,004","29,270",2.26,"34,937","31,067",1.12,"66,204","29,328",2.26,"35,083","31,121",1.13,"66,327","29,371",2.26,"35,146","31,181",1.13,"66,446","29,391",2.26,"35,203","31,243",1.13
